-- MySQL dump 10.13  Distrib 5.7.18, for macos10.12 (x86_64)
--
-- Host: rm-m5e52b35wx8shto17mo.mysql.rds.aliyuncs.com    Database: reading_cloud_account
-- ------------------------------------------------------
-- Server version	8.0.16

/*!40101 SET @OLD_CHARACTER_SET_CLIENT=@@CHARACTER_SET_CLIENT */;
/*!40101 SET @OLD_CHARACTER_SET_RESULTS=@@CHARACTER_SET_RESULTS */;
/*!40101 SET @OLD_COLLATION_CONNECTION=@@COLLATION_CONNECTION */;
/*!40101 SET NAMES utf8 */;
/*!40103 SET @OLD_TIME_ZONE=@@TIME_ZONE */;
/*!40103 SET TIME_ZONE='+00:00' */;
/*!40014 SET @OLD_UNIQUE_CHECKS=@@UNIQUE_CHECKS, UNIQUE_CHECKS=0 */;
/*!40014 SET @OLD_FOREIGN_KEY_CHECKS=@@FOREIGN_KEY_CHECKS, FOREIGN_KEY_CHECKS=0 */;
/*!40101 SET @OLD_SQL_MODE=@@SQL_MODE, SQL_MODE='NO_AUTO_VALUE_ON_ZERO' */;
/*!40111 SET @OLD_SQL_NOTES=@@SQL_NOTES, SQL_NOTES=0 */;

--
-- Table structure for table `user`
--

DROP TABLE IF EXISTS `user`;
/*!40101 SET @saved_cs_client     = @@character_set_client */;
/*!40101 SET character_set_client = utf8 */;
CREATE TABLE `user` (
  `id` int(11) NOT NULL AUTO_INCREMENT,
  `uuid` varchar(36) NOT NULL COMMENT '唯一ID',
  `user_pwd` varchar(100) NOT NULL COMMENT '密码',
  `login_name` varchar(20) NOT NULL COMMENT '登录名',
  `nick_name` varchar(20) NOT NULL COMMENT '中文名',
  `phone_number` varchar(20) DEFAULT NULL COMMENT '联系电话',
  `head_img_url` varchar(300) DEFAULT NULL,
  `create_time` datetime NOT NULL COMMENT '创建时间',
  `update_time` datetime NOT NULL COMMENT '更新时间',
  PRIMARY KEY (`id`),
  UNIQUE KEY `index_login_name` (`login_name`),
  UNIQUE KEY `index_uuid` (`uuid`)
) ENGINE=InnoDB AUTO_INCREMENT=24 DEFAULT CHARSET=utf8;
/*!40101 SET character_set_client = @saved_cs_client */;

--
-- Dumping data for table `user`
--

LOCK TABLES `user` WRITE;
/*!40000 ALTER TABLE `user` DISABLE KEYS */;
INSERT INTO `user` VALUES (1,'d67cab870dbc44ad9040888cbd015a24','1fc295bc42b8b218dd8e1218211b11dc','admin','admin','13800138000','http://reading.zealon.cn/default.jpg','2020-04-11 16:45:20','2020-04-11 16:45:20'),(2,'0c2ad57c6e0546f997eb190e952fd309','a10806ccad7e60dc071736b1eb0c2b19','123','123',NULL,'http://reading.zealon.cn/default.jpg','2020-04-21 17:25:44','2020-04-21 17:25:44'),(3,'2294c0b6c6cf4225adf54a716c3f43be','69ba74e59501695ece996853e8914cde','00','00',NULL,'http://reading.zealon.cn/default.jpg','2020-04-21 17:34:25','2020-04-21 17:34:25'),(4,'7fd29bd0067e4826952af9b7219edb67','c877bd7ab10b028c0c05b977d7805bd8','000','00',NULL,'http://reading.zealon.cn/default.jpg','2020-04-21 17:36:33','2020-04-21 17:36:33'),(5,'6952af9b7219edb7fd29bd0067e48267','c877bd7ab10b028c0c05b977d7805bd8','90','00',NULL,'http://reading.zealon.cn/default.jpg','2020-04-21 17:36:33','2020-04-21 17:36:33'),(6,'7fd29bd0067e4826952af9b7219edb61','c877bd7ab10b028c0c05b977d7805bd8','111','00',NULL,'http://reading.zealon.cn/default.jpg','2020-04-21 17:36:33','2020-04-21 17:36:33'),(7,'7fd29bd0067e4826952af9b7219edb62','c877bd7ab10b028c0c05b977d7805bd8','222','00',NULL,'http://reading.zealon.cn/default.jpg','2020-04-21 17:36:33','2020-04-21 17:36:33'),(8,'7fd29bd0067e4826952af9b7219edb63','c877bd7ab10b028c0c05b977d7805bd8','333','00',NULL,'http://reading.zealon.cn/default.jpg','2020-04-21 17:36:33','2020-04-21 17:36:33'),(9,'7fd29bd0067e4826952af9b7219edb64','c877bd7ab10b028c0c05b977d7805bd8','444','00',NULL,'http://reading.zealon.cn/default.jpg','2020-04-21 17:36:33','2020-04-21 17:36:33'),(10,'7fd29bd0067e4826952af9b7219edb66','c877bd7ab10b028c0c05b977d7805bd8','555','00',NULL,'http://reading.zealon.cn/default.jpg','2020-04-21 17:36:33','2020-04-21 17:36:33'),(11,'b677fd29bd0067e4826952af9b7219ed','c877bd7ab10b028c0c05b977d7805bd8','666','00',NULL,'http://reading.zealon.cn/default.jpg','2020-04-21 17:36:33','2020-04-21 17:36:33'),(12,'f7fd29bd0067e4826952a9b7219edb67','c877bd7ab10b028c0c05b977d7805bd8','777','00',NULL,'http://reading.zealon.cn/default.jpg','2020-04-21 17:36:33','2020-04-21 17:36:33'),(13,'e7fd29bd00674826952af9b7219edb67','c877bd7ab10b028c0c05b977d7805bd8','888','00',NULL,'http://reading.zealon.cn/default.jpg','2020-04-21 17:36:33','2020-04-21 17:36:33'),(14,'57fd29bd0067e482692af9b7219edb67','c877bd7ab10b028c0c05b977d7805bd8','999','00',NULL,'http://reading.zealon.cn/default.jpg','2020-04-21 17:36:33','2020-04-21 17:36:33'),(15,'7fd29bd0067e482952af9b7219edb676','c877bd7ab10b028c0c05b977d7805bd8','121','00',NULL,'http://reading.zealon.cn/default.jpg','2020-04-21 17:36:33','2020-04-21 17:36:33'),(16,'d7fd29b0067e4826952af9b7219edb67','c877bd7ab10b028c0c05b977d7805bd8','131','00',NULL,'http://reading.zealon.cn/default.jpg','2020-04-21 17:36:33','2020-04-21 17:36:33'),(17,'07fd29bd067e4826952af9b7219edb67','c877bd7ab10b028c0c05b977d7805bd8','141','00',NULL,'http://reading.zealon.cn/default.jpg','2020-04-21 17:36:33','2020-04-21 17:36:33'),(18,'67fd29bd0067e482952af9b7219edb67','c877bd7ab10b028c0c05b977d7805bd8','151','00',NULL,'http://reading.zealon.cn/default.jpg','2020-04-21 17:36:33','2020-04-21 17:36:33'),(19,'e67fd29bd0067e482952af9b7219db67','c877bd7ab10b028c0c05b977d7805bd8','161','00',NULL,'http://reading.zealon.cn/default.jpg','2020-04-21 17:36:33','2020-04-21 17:36:33'),(20,'97fd29bd0067e4826952afb7219edb67','c877bd7ab10b028c0c05b977d7805bd8','171','00',NULL,'http://reading.zealon.cn/default.jpg','2020-04-21 17:36:33','2020-04-21 17:36:33'),(22,'714ca9432c664b039177e45bbdd3bb3e','161853a6a397a3d33f2f1458d5f030fd','melody','melody',NULL,'http://reading.zealon.cn/default.jpg','2020-05-24 22:53:27','2020-05-24 22:53:27'),(23,'933b91bc9ef941199c328c0247c58533','161853a6a397a3d33f2f1458d5f030fd','summer','夏天',NULL,'http://reading.zealon.cn/default.jpg','2020-05-26 13:12:41','2020-05-26 13:12:41');
/*!40000 ALTER TABLE `user` ENABLE KEYS */;
UNLOCK TABLES;

--
-- Table structure for table `user_bookshelf`
--

DROP TABLE IF EXISTS `user_bookshelf`;
/*!40101 SET @saved_cs_client     = @@character_set_client */;
/*!40101 SET character_set_client = utf8 */;
CREATE TABLE `user_bookshelf` (
  `id` int(11) NOT NULL AUTO_INCREMENT,
  `user_id` int(11) NOT NULL COMMENT '用户',
  `book_id` varchar(20) NOT NULL COMMENT '图书ID',
  `last_chapter_id` int(11) DEFAULT NULL COMMENT '图书最后章节ID',
  `last_read_time` bigint(20) NOT NULL COMMENT '最后阅读时间',
  `create_time` datetime NOT NULL COMMENT '创建时间',
  PRIMARY KEY (`id`),
  UNIQUE KEY `uk_index_01` (`user_id`,`book_id`)
) ENGINE=InnoDB AUTO_INCREMENT=20 DEFAULT CHARSET=utf8 COMMENT='用户书架';
/*!40101 SET character_set_client = @saved_cs_client */;

--
-- Dumping data for table `user_bookshelf`
--

LOCK TABLES `user_bookshelf` WRITE;
/*!40000 ALTER TABLE `user_bookshelf` DISABLE KEYS */;
INSERT INTO `user_bookshelf` VALUES (12,3,'10043456',0,1589207767488,'2020-05-11 22:36:07'),(13,3,'88043024',0,1589380151793,'2020-05-13 22:29:11'),(14,3,'3001815938',2253,1590244087399,'2020-05-16 23:24:06'),(15,3,'160473',1608,1590244074140,'2020-05-23 22:27:28'),(16,23,'3001815938',0,1590469995025,'2020-05-26 13:13:15'),(17,23,'60924085',0,1590470046660,'2020-05-26 13:14:06'),(18,23,'804700011',0,1590470061740,'2020-05-26 13:14:21'),(19,23,'322538',0,1590470086193,'2020-05-26 13:14:46');
/*!40000 ALTER TABLE `user_bookshelf` ENABLE KEYS */;
UNLOCK TABLES;

--
-- Table structure for table `user_like_see`
--

DROP TABLE IF EXISTS `user_like_see`;
/*!40101 SET @saved_cs_client     = @@character_set_client */;
/*!40101 SET character_set_client = utf8 */;
CREATE TABLE `user_like_see` (
  `id` int(11) NOT NULL AUTO_INCREMENT,
  `user_id` int(11) NOT NULL COMMENT '用户',
  `book_id` varchar(20) NOT NULL COMMENT '图书ID',
  `create_time` datetime NOT NULL COMMENT '创建时间',
  PRIMARY KEY (`id`),
  UNIQUE KEY `uk_index01` (`book_id`,`user_id`),
  KEY `index_uid` (`user_id`),
  KEY `index_book_id` (`book_id`)
) ENGINE=InnoDB AUTO_INCREMENT=889 DEFAULT CHARSET=utf8 COMMENT='用户喜欢';
/*!40101 SET character_set_client = @saved_cs_client */;

--
-- Dumping data for table `user_like_see`
--

LOCK TABLES `user_like_see` WRITE;
/*!40000 ALTER TABLE `user_like_see` DISABLE KEYS */;
INSERT INTO `user_like_see` VALUES (13,3,'5145666','2020-05-13 23:17:19'),(15,3,'3001815938','2020-05-16 23:24:36'),(16,1,'60034980','2020-05-23 22:20:08'),(17,1,'355025','2020-05-23 22:20:08'),(18,1,'60924085','2020-05-23 22:20:08'),(19,1,'60036284','2020-05-23 22:20:08'),(20,1,'60348379','2020-05-23 22:20:08'),(21,1,'3001823523','2020-05-23 22:20:09'),(22,1,'3001823403','2020-05-23 22:20:09'),(23,1,'3001823527','2020-05-23 22:20:09'),(24,1,'322538','2020-05-23 22:20:09'),(25,1,'60348651','2020-05-23 22:20:09'),(26,1,'3017387255','2020-05-23 22:20:09'),(27,1,'60034893','2020-05-23 22:20:09'),(28,1,'60034896','2020-05-23 22:20:10'),(29,1,'60746926','2020-05-23 22:20:10'),(30,1,'60036115','2020-05-23 22:20:10'),(31,1,'3001817321','2020-05-23 22:20:10'),(32,1,'279384','2020-05-23 22:20:10'),(33,1,'3001821175','2020-05-23 22:20:10'),(34,1,'60348888','2020-05-23 22:20:10'),(35,1,'60348768','2020-05-23 22:20:11'),(36,1,'60480633','2020-05-23 22:20:11'),(37,1,'60348726','2020-05-23 22:20:11'),(38,1,'60348649','2020-05-23 22:20:11'),(39,1,'3017387289','2020-05-23 22:20:11'),(40,1,'3001815938','2020-05-23 22:20:11'),(41,1,'60347791','2020-05-23 22:20:12'),(42,1,'804700011','2020-05-23 22:20:12'),(43,1,'222719','2020-05-23 22:20:12'),(44,1,'50019686','2020-05-23 22:20:12'),(45,1,'60348707','2020-05-23 22:20:12'),(46,1,'348391','2020-05-23 22:20:12'),(47,1,'3001818426','2020-05-23 22:20:12'),(48,1,'3001823421','2020-05-23 22:20:12'),(49,1,'60348711','2020-05-23 22:20:13'),(50,1,'3001823546','2020-05-23 22:20:13'),(51,1,'60348637','2020-05-23 22:20:13'),(52,1,'60347780','2020-05-23 22:20:13'),(53,1,'291659','2020-05-23 22:20:13'),(54,1,'60348630','2020-05-23 22:20:13'),(55,1,'3001823541','2020-05-23 22:20:13'),(56,1,'160458','2020-05-23 22:20:14'),(57,1,'3001818436','2020-05-23 22:20:14'),(58,1,'3001818673','2020-05-23 22:20:14'),(59,1,'3001823531','2020-05-23 22:20:14'),(60,1,'60348700','2020-05-23 22:20:14'),(61,1,'310104','2020-05-23 22:20:14'),(62,1,'60348748','2020-05-23 22:20:15'),(63,1,'60348628','2020-05-23 22:20:15'),(64,1,'60034900','2020-05-23 22:20:15'),(65,1,'234245','2020-05-23 22:20:15'),(66,2,'60036287','2020-05-23 22:20:15'),(67,2,'306537','2020-05-23 22:20:15'),(68,2,'60036127','2020-05-23 22:20:15'),(69,2,'60348629','2020-05-23 22:20:15'),(70,2,'60348707','2020-05-23 22:20:15'),(71,2,'355025','2020-05-23 22:20:15'),(72,2,'348391','2020-05-23 22:20:16'),(73,2,'60348709','2020-05-23 22:20:16'),(74,2,'165263','2020-05-23 22:20:16'),(75,2,'60480642','2020-05-23 22:20:16'),(76,2,'3001823421','2020-05-23 22:20:16'),(77,2,'60348711','2020-05-23 22:20:16'),(78,2,'3001823403','2020-05-23 22:20:16'),(79,2,'60348410','2020-05-23 22:20:16'),(80,2,'60034935','2020-05-23 22:20:16'),(81,2,'3001823541','2020-05-23 22:20:17'),(82,2,'160458','2020-05-23 22:20:17'),(83,2,'60034893','2020-05-23 22:20:17'),(84,2,'60838096','2020-05-23 22:20:17'),(85,2,'3001817321','2020-05-23 22:20:17'),(86,2,'3001818436','2020-05-23 22:20:17'),(87,2,'3001818673','2020-05-23 22:20:18'),(88,2,'3001823531','2020-05-23 22:20:18'),(89,2,'60348700','2020-05-23 22:20:18'),(90,2,'3001823511','2020-05-23 22:20:18'),(91,2,'60348888','2020-05-23 22:20:18'),(92,2,'60348767','2020-05-23 22:20:18'),(93,2,'60348725','2020-05-23 22:20:18'),(94,2,'60348726','2020-05-23 22:20:18'),(95,2,'60480633','2020-05-23 22:20:19'),(96,2,'60348748','2020-05-23 22:20:19'),(97,2,'60348628','2020-05-23 22:20:19'),(98,2,'3017387289','2020-05-23 22:20:19'),(99,2,'806800381','2020-05-23 22:20:19'),(100,2,'234245','2020-05-23 22:20:19'),(101,2,'3001815938','2020-05-23 22:20:19'),(102,2,'325276','2020-05-23 22:20:19'),(103,2,'60347791','2020-05-23 22:20:19'),(104,2,'60034902','2020-05-23 22:20:19'),(105,2,'804700011','2020-05-23 22:20:20'),(106,2,'60034925','2020-05-23 22:20:20'),(107,3,'60034881','2020-05-23 22:20:20'),(108,3,'236361','2020-05-23 22:20:20'),(109,3,'306537','2020-05-23 22:20:20'),(110,3,'60036128','2020-05-23 22:20:20'),(111,3,'3017387280','2020-05-23 22:20:20'),(112,3,'60036260','2020-05-23 22:20:21'),(113,3,'60348629','2020-05-23 22:20:21'),(114,3,'3001823418','2020-05-23 22:20:21'),(115,3,'3001815870','2020-05-23 22:20:21'),(116,3,'60348707','2020-05-23 22:20:21'),(117,3,'348391','2020-05-23 22:20:21'),(118,3,'3001818425','2020-05-23 22:20:21'),(119,3,'60348709','2020-05-23 22:20:21'),(120,3,'60036143','2020-05-23 22:20:21'),(121,3,'3001818441','2020-05-23 22:20:21'),(122,3,'60036284','2020-05-23 22:20:22'),(123,3,'165263','2020-05-23 22:20:22'),(124,3,'60348710','2020-05-23 22:20:22'),(125,3,'3001823403','2020-05-23 22:20:22'),(126,3,'3017387278','2020-05-23 22:20:22'),(127,3,'60348396','2020-05-23 22:20:22'),(128,3,'291659','2020-05-23 22:20:22'),(129,3,'60348630','2020-05-23 22:20:22'),(130,3,'60034935','2020-05-23 22:20:22'),(131,3,'60034896','2020-05-23 22:20:23'),(132,3,'60746926','2020-05-23 22:20:23'),(133,3,'60838096','2020-05-23 22:20:23'),(134,3,'248337','2020-05-23 22:20:23'),(135,3,'3001818673','2020-05-23 22:20:23'),(136,3,'279384','2020-05-23 22:20:23'),(137,3,'310104','2020-05-23 22:20:23'),(138,3,'165171','2020-05-23 22:20:23'),(139,3,'60348725','2020-05-23 22:20:23'),(140,3,'60348748','2020-05-23 22:20:24'),(141,3,'121443','2020-05-23 22:20:24'),(142,3,'60348726','2020-05-23 22:20:24'),(143,3,'60348727','2020-05-23 22:20:24'),(144,3,'60348628','2020-05-23 22:20:24'),(145,3,'806800381','2020-05-23 22:20:24'),(146,3,'60034901','2020-05-23 22:20:25'),(149,3,'3001823299','2020-05-23 22:21:17'),(150,3,'60034969','2020-05-23 22:21:17'),(151,4,'306537','2020-05-23 22:21:17'),(152,4,'3017387280','2020-05-23 22:21:17'),(153,4,'50019686','2020-05-23 22:21:17'),(154,4,'60348707','2020-05-23 22:21:17'),(155,4,'3001818426','2020-05-23 22:21:17'),(156,4,'60348709','2020-05-23 22:21:17'),(157,4,'60924085','2020-05-23 22:21:18'),(158,4,'60036143','2020-05-23 22:21:18'),(159,4,'60036284','2020-05-23 22:21:18'),(160,4,'60480642','2020-05-23 22:21:18'),(161,4,'60348379','2020-05-23 22:21:18'),(162,4,'165263','2020-05-23 22:21:18'),(163,4,'60348710','2020-05-23 22:21:18'),(164,4,'3001821164','2020-05-23 22:21:18'),(165,4,'3001823522','2020-05-23 22:21:18'),(166,4,'60348711','2020-05-23 22:21:19'),(167,4,'60348736','2020-05-23 22:21:19'),(168,4,'60348639','2020-05-23 22:21:19'),(169,4,'3001823527','2020-05-23 22:21:19'),(170,4,'60348738','2020-05-23 22:21:19'),(171,4,'60348396','2020-05-23 22:21:19'),(172,4,'60036119','2020-05-23 22:21:19'),(173,4,'291659','2020-05-23 22:21:19'),(174,4,'3017387255','2020-05-23 22:21:19'),(175,4,'3001823541','2020-05-23 22:21:19'),(176,4,'160458','2020-05-23 22:21:20'),(177,4,'160473','2020-05-23 22:21:20'),(178,4,'3001818436','2020-05-23 22:21:20'),(179,4,'3001818679','2020-05-23 22:21:20'),(180,4,'3001818437','2020-05-23 22:21:20'),(181,4,'3001823531','2020-05-23 22:21:20'),(182,4,'3001823511','2020-05-23 22:21:20'),(183,4,'60348700','2020-05-23 22:21:20'),(184,4,'60348767','2020-05-23 22:21:20'),(185,4,'310104','2020-05-23 22:21:21'),(186,4,'165171','2020-05-23 22:21:21'),(187,4,'60348768','2020-05-23 22:21:21'),(188,4,'60480633','2020-05-23 22:21:21'),(189,4,'60348649','2020-05-23 22:21:21'),(190,4,'60348727','2020-05-23 22:21:21'),(191,4,'3001823417','2020-05-23 22:21:21'),(192,4,'60034900','2020-05-23 22:21:21'),(193,4,'60034944','2020-05-23 22:21:22'),(194,4,'806800381','2020-05-23 22:21:22'),(195,4,'60347791','2020-05-23 22:21:22'),(196,4,'3001823299','2020-05-23 22:21:22'),(197,5,'60034980','2020-05-23 22:21:22'),(198,5,'60034881','2020-05-23 22:21:22'),(199,5,'120928','2020-05-23 22:21:22'),(200,5,'3001818429','2020-05-23 22:21:22'),(201,5,'3017387280','2020-05-23 22:21:23'),(202,5,'222719','2020-05-23 22:21:23'),(203,5,'60348629','2020-05-23 22:21:23'),(204,5,'50019686','2020-05-23 22:21:23'),(205,5,'60348707','2020-05-23 22:21:23'),(206,5,'348391','2020-05-23 22:21:23'),(207,5,'60348709','2020-05-23 22:21:23'),(208,5,'60924085','2020-05-23 22:21:23'),(209,5,'60036143','2020-05-23 22:21:24'),(210,5,'60036284','2020-05-23 22:21:24'),(211,5,'60348379','2020-05-23 22:21:24'),(212,5,'60348710','2020-05-23 22:21:24'),(213,5,'3001821164','2020-05-23 22:21:24'),(214,5,'3001823523','2020-05-23 22:21:24'),(215,5,'3001823546','2020-05-23 22:21:24'),(216,5,'60348736','2020-05-23 22:21:24'),(217,5,'3001823527','2020-05-23 22:21:24'),(218,5,'3017387278','2020-05-23 22:21:24'),(219,5,'60348396','2020-05-23 22:21:25'),(220,5,'291659','2020-05-23 22:21:25'),(221,5,'60348651','2020-05-23 22:21:25'),(222,5,'160458','2020-05-23 22:21:25'),(223,5,'3001818436','2020-05-23 22:21:25'),(224,5,'3001818679','2020-05-23 22:21:25'),(225,5,'3001823531','2020-05-23 22:21:25'),(226,5,'3001823511','2020-05-23 22:21:26'),(227,5,'60348724','2020-05-23 22:21:26'),(228,5,'3001823536','2020-05-23 22:21:26'),(229,5,'60348649','2020-05-23 22:21:26'),(230,5,'60480633','2020-05-23 22:21:26'),(231,5,'60348748','2020-05-23 22:21:26'),(232,5,'121443','2020-05-23 22:21:26'),(233,5,'60348628','2020-05-23 22:21:26'),(234,5,'60034900','2020-05-23 22:21:26'),(235,5,'60034944','2020-05-23 22:21:27'),(236,5,'60034966','2020-05-23 22:21:27'),(237,5,'806800381','2020-05-23 22:21:27'),(238,5,'60347791','2020-05-23 22:21:27'),(239,5,'60034902','2020-05-23 22:21:27'),(240,5,'60034969','2020-05-23 22:21:27'),(241,5,'3001823299','2020-05-23 22:21:27'),(242,5,'804700011','2020-05-23 22:21:27'),(243,6,'60924085','2020-05-23 22:21:27'),(244,6,'3001823523','2020-05-23 22:21:27'),(245,6,'60348736','2020-05-23 22:21:28'),(246,6,'322538','2020-05-23 22:21:28'),(247,6,'60036119','2020-05-23 22:21:28'),(248,6,'60348651','2020-05-23 22:21:28'),(249,6,'60036276','2020-05-23 22:21:28'),(250,6,'60746926','2020-05-23 22:21:28'),(251,6,'160473','2020-05-23 22:21:28'),(252,6,'3001817321','2020-05-23 22:21:29'),(253,6,'279384','2020-05-23 22:21:29'),(254,6,'3001823511','2020-05-23 22:21:29'),(255,6,'60348888','2020-05-23 22:21:29'),(256,6,'60348724','2020-05-23 22:21:29'),(257,6,'165171','2020-05-23 22:21:29'),(258,6,'60348768','2020-05-23 22:21:29'),(259,6,'60480633','2020-05-23 22:21:30'),(260,6,'60348727','2020-05-23 22:21:30'),(261,6,'60034966','2020-05-23 22:21:30'),(262,6,'3001815938','2020-05-23 22:21:30'),(263,6,'804700011','2020-05-23 22:21:30'),(264,6,'60034881','2020-05-23 22:21:30'),(265,6,'236361','2020-05-23 22:21:30'),(266,6,'120928','2020-05-23 22:21:30'),(267,6,'222719','2020-05-23 22:21:30'),(268,6,'50019686','2020-05-23 22:21:31'),(269,6,'60348707','2020-05-23 22:21:31'),(270,6,'3001815870','2020-05-23 22:21:31'),(271,6,'3001818425','2020-05-23 22:21:31'),(272,6,'60348709','2020-05-23 22:21:31'),(273,6,'60036143','2020-05-23 22:21:31'),(274,6,'60480642','2020-05-23 22:21:31'),(275,6,'3001821164','2020-05-23 22:21:31'),(276,6,'60348637','2020-05-23 22:21:32'),(277,6,'3017387278','2020-05-23 22:21:32'),(278,6,'60348396','2020-05-23 22:21:32'),(279,6,'60348630','2020-05-23 22:21:32'),(280,6,'160458','2020-05-23 22:21:32'),(281,6,'60838096','2020-05-23 22:21:32'),(282,6,'3001818679','2020-05-23 22:21:32'),(283,6,'3001818673','2020-05-23 22:21:33'),(284,6,'60034909','2020-05-23 22:21:33'),(285,6,'60348700','2020-05-23 22:21:33'),(286,6,'60348701','2020-05-23 22:21:33'),(287,6,'310104','2020-05-23 22:21:33'),(288,6,'60348746','2020-05-23 22:21:33'),(289,6,'121443','2020-05-23 22:21:33'),(290,6,'60034900','2020-05-23 22:21:33'),(291,6,'60034944','2020-05-23 22:21:34'),(292,6,'234245','2020-05-23 22:21:34'),(293,6,'60034901','2020-05-23 22:21:34'),(294,7,'60036287','2020-05-23 22:21:34'),(295,7,'120928','2020-05-23 22:21:35'),(296,7,'3001818429','2020-05-23 22:21:35'),(297,7,'3017387280','2020-05-23 22:21:35'),(298,7,'60348629','2020-05-23 22:21:35'),(299,7,'60348707','2020-05-23 22:21:35'),(300,7,'3001815870','2020-05-23 22:21:35'),(301,7,'355025','2020-05-23 22:21:35'),(302,7,'348391','2020-05-23 22:21:36'),(303,7,'60348709','2020-05-23 22:21:36'),(304,7,'60480642','2020-05-23 22:21:36'),(305,7,'60348710','2020-05-23 22:21:36'),(306,7,'3001823523','2020-05-23 22:21:37'),(307,7,'3001823546','2020-05-23 22:21:37'),(308,7,'3001823527','2020-05-23 22:21:37'),(309,7,'60348639','2020-05-23 22:21:37'),(310,7,'322538','2020-05-23 22:21:37'),(311,7,'3017387278','2020-05-23 22:21:37'),(312,7,'60036119','2020-05-23 22:21:37'),(313,7,'60347780','2020-05-23 22:21:38'),(314,7,'60348650','2020-05-23 22:21:38'),(315,7,'291659','2020-05-23 22:21:38'),(316,7,'60034935','2020-05-23 22:21:38'),(317,7,'60348410','2020-05-23 22:21:38'),(318,7,'3017387255','2020-05-23 22:21:38'),(319,7,'160458','2020-05-23 22:21:38'),(320,7,'60034896','2020-05-23 22:21:38'),(321,7,'60746926','2020-05-23 22:21:39'),(322,7,'3001818679','2020-05-23 22:21:39'),(323,7,'3001818437','2020-05-23 22:21:39'),(324,7,'3001818673','2020-05-23 22:21:39'),(325,7,'60034909','2020-05-23 22:21:39'),(326,7,'60348701','2020-05-23 22:21:39'),(327,7,'60348724','2020-05-23 22:21:39'),(328,7,'60348746','2020-05-23 22:21:39'),(329,7,'60348768','2020-05-23 22:21:40'),(330,7,'60348725','2020-05-23 22:21:40'),(331,7,'60348726','2020-05-23 22:21:40'),(332,7,'60348649','2020-05-23 22:21:40'),(333,7,'3017387289','2020-05-23 22:21:40'),(334,7,'60034944','2020-05-23 22:21:40'),(335,7,'60034901','2020-05-23 22:21:40'),(336,7,'3001815938','2020-05-23 22:21:40'),(337,7,'325276','2020-05-23 22:21:40'),(338,7,'804700011','2020-05-23 22:21:40'),(339,8,'60034881','2020-05-23 22:21:41'),(340,8,'120928','2020-05-23 22:21:41'),(341,8,'60036127','2020-05-23 22:21:41'),(342,8,'3001818429','2020-05-23 22:21:41'),(343,8,'3001823418','2020-05-23 22:21:41'),(344,8,'60036260','2020-05-23 22:21:41'),(345,8,'3001815870','2020-05-23 22:21:41'),(346,8,'60348709','2020-05-23 22:21:41'),(347,8,'60924085','2020-05-23 22:21:41'),(348,8,'3001818441','2020-05-23 22:21:41'),(349,8,'165263','2020-05-23 22:21:42'),(350,8,'3001823421','2020-05-23 22:21:42'),(351,8,'60348379','2020-05-23 22:21:42'),(352,8,'3001821164','2020-05-23 22:21:42'),(353,8,'3001823546','2020-05-23 22:21:42'),(354,8,'60348736','2020-05-23 22:21:42'),(355,8,'60348639','2020-05-23 22:21:42'),(356,8,'322538','2020-05-23 22:21:42'),(357,8,'3017387278','2020-05-23 22:21:42'),(358,8,'60036119','2020-05-23 22:21:42'),(359,8,'60348396','2020-05-23 22:21:42'),(360,8,'291659','2020-05-23 22:21:42'),(361,8,'60348650','2020-05-23 22:21:42'),(362,8,'60348630','2020-05-23 22:21:42'),(363,8,'3017387255','2020-05-23 22:21:42'),(364,8,'160458','2020-05-23 22:21:42'),(365,8,'60034896','2020-05-23 22:21:42'),(366,8,'160473','2020-05-23 22:21:42'),(367,8,'248337','2020-05-23 22:21:42'),(368,8,'3001817321','2020-05-23 22:21:42'),(369,8,'279384','2020-05-23 22:21:42'),(370,8,'3001823531','2020-05-23 22:21:43'),(371,8,'3001821175','2020-05-23 22:21:43'),(372,8,'60348700','2020-05-23 22:21:43'),(373,8,'3001823511','2020-05-23 22:21:43'),(374,8,'60348701','2020-05-23 22:21:43'),(375,8,'60348888','2020-05-23 22:21:43'),(376,8,'165171','2020-05-23 22:21:43'),(377,8,'60480633','2020-05-23 22:21:43'),(378,8,'60348748','2020-05-23 22:21:43'),(379,8,'60348726','2020-05-23 22:21:43'),(380,8,'60034900','2020-05-23 22:21:43'),(381,8,'60034966','2020-05-23 22:21:43'),(382,8,'806800381','2020-05-23 22:21:43'),(383,8,'3001823299','2020-05-23 22:21:43'),(384,8,'60034969','2020-05-23 22:21:43'),(385,9,'60036287','2020-05-23 22:21:43'),(386,9,'60036127','2020-05-23 22:21:43'),(387,9,'355025','2020-05-23 22:21:44'),(388,9,'60924085','2020-05-23 22:21:44'),(389,9,'60036284','2020-05-23 22:21:44'),(390,9,'60348379','2020-05-23 22:21:44'),(391,9,'3001823403','2020-05-23 22:21:44'),(392,9,'322538','2020-05-23 22:21:44'),(393,9,'60348650','2020-05-23 22:21:44'),(394,9,'3017387255','2020-05-23 22:21:44'),(395,9,'60034893','2020-05-23 22:21:44'),(396,9,'60036276','2020-05-23 22:21:44'),(397,9,'60036115','2020-05-23 22:21:44'),(398,9,'3001817321','2020-05-23 22:21:44'),(399,9,'3001821175','2020-05-23 22:21:44'),(400,9,'60348888','2020-05-23 22:21:44'),(401,9,'165171','2020-05-23 22:21:45'),(402,9,'60348768','2020-05-23 22:21:45'),(403,9,'60348724','2020-05-23 22:21:45'),(404,9,'60348725','2020-05-23 22:21:45'),(405,9,'3017387289','2020-05-23 22:21:45'),(406,9,'3001815938','2020-05-23 22:21:45'),(407,9,'60034925','2020-05-23 22:21:45'),(408,9,'804700011','2020-05-23 22:21:45'),(409,9,'60034881','2020-05-23 22:21:45'),(410,9,'3001818429','2020-05-23 22:21:45'),(411,9,'50019686','2020-05-23 22:21:45'),(412,9,'60348629','2020-05-23 22:21:45'),(413,9,'60036260','2020-05-23 22:21:45'),(414,9,'60348707','2020-05-23 22:21:45'),(415,9,'60348709','2020-05-23 22:21:45'),(416,9,'3001823421','2020-05-23 22:21:45'),(417,9,'3001823546','2020-05-23 22:21:45'),(418,9,'60348637','2020-05-23 22:21:45'),(419,9,'3017387278','2020-05-23 22:21:46'),(420,9,'60348396','2020-05-23 22:21:46'),(421,9,'60347780','2020-05-23 22:21:46'),(422,9,'3001823541','2020-05-23 22:21:46'),(423,9,'160458','2020-05-23 22:21:46'),(424,9,'60838096','2020-05-23 22:21:46'),(425,9,'3001818436','2020-05-23 22:21:46'),(426,9,'3001818679','2020-05-23 22:21:46'),(427,9,'3001818437','2020-05-23 22:21:46'),(428,9,'3001818673','2020-05-23 22:21:47'),(429,9,'60348700','2020-05-23 22:21:47'),(430,9,'310104','2020-05-23 22:21:47'),(431,9,'60348746','2020-05-23 22:21:47'),(432,9,'60348748','2020-05-23 22:21:47'),(433,9,'3001823417','2020-05-23 22:21:47'),(434,9,'60034900','2020-05-23 22:21:47'),(435,9,'60034902','2020-05-23 22:21:47'),(436,10,'60034881','2020-05-23 22:21:47'),(437,10,'120928','2020-05-23 22:21:47'),(438,10,'60348629','2020-05-23 22:21:47'),(439,10,'50019686','2020-05-23 22:21:47'),(440,10,'3001818425','2020-05-23 22:21:47'),(441,10,'3001818426','2020-05-23 22:21:47'),(442,10,'3001818441','2020-05-23 22:21:47'),(443,10,'60348379','2020-05-23 22:21:48'),(444,10,'60348710','2020-05-23 22:21:48'),(445,10,'3001823546','2020-05-23 22:21:48'),(446,10,'60348736','2020-05-23 22:21:48'),(447,10,'60348639','2020-05-23 22:21:48'),(448,10,'60348738','2020-05-23 22:21:48'),(449,10,'60036119','2020-05-23 22:21:48'),(450,10,'60348650','2020-05-23 22:21:48'),(451,10,'291659','2020-05-23 22:21:48'),(452,10,'3017387255','2020-05-23 22:21:48'),(453,10,'160458','2020-05-23 22:21:48'),(454,10,'60034896','2020-05-23 22:21:48'),(455,10,'60746926','2020-05-23 22:21:48'),(456,10,'3001817321','2020-05-23 22:21:48'),(457,10,'3001818436','2020-05-23 22:21:48'),(458,10,'3001818679','2020-05-23 22:21:48'),(459,10,'3001823531','2020-05-23 22:21:48'),(460,10,'3001821175','2020-05-23 22:21:48'),(461,10,'60348746','2020-05-23 22:21:49'),(462,10,'60480633','2020-05-23 22:21:49'),(463,10,'60348748','2020-05-23 22:21:49'),(464,10,'3001823417','2020-05-23 22:21:49'),(465,10,'60034966','2020-05-23 22:21:49'),(466,10,'60034900','2020-05-23 22:21:49'),(467,10,'3017387289','2020-05-23 22:21:49'),(468,10,'806800381','2020-05-23 22:21:49'),(469,10,'60347791','2020-05-23 22:21:49'),(470,10,'325276','2020-05-23 22:21:49'),(471,10,'60034925','2020-05-23 22:21:49'),(472,10,'804700011','2020-05-23 22:21:49'),(473,10,'60034969','2020-05-23 22:21:49'),(474,11,'60034881','2020-05-23 22:21:49'),(475,11,'236361','2020-05-23 22:21:50'),(476,11,'60036287','2020-05-23 22:21:50'),(477,11,'306537','2020-05-23 22:21:50'),(478,11,'120928','2020-05-23 22:21:50'),(479,11,'3001815870','2020-05-23 22:21:50'),(480,11,'3001818425','2020-05-23 22:21:50'),(481,11,'60924085','2020-05-23 22:21:50'),(482,11,'60036143','2020-05-23 22:21:50'),(483,11,'60348711','2020-05-23 22:21:50'),(484,11,'3001823403','2020-05-23 22:21:50'),(485,11,'60348639','2020-05-23 22:21:50'),(486,11,'3001823527','2020-05-23 22:21:50'),(487,11,'60348396','2020-05-23 22:21:50'),(488,11,'60036119','2020-05-23 22:21:51'),(489,11,'60347780','2020-05-23 22:21:51'),(490,11,'291659','2020-05-23 22:21:51'),(491,11,'60348651','2020-05-23 22:21:51'),(492,11,'60348630','2020-05-23 22:21:51'),(493,11,'60034935','2020-05-23 22:21:51'),(494,11,'3001823541','2020-05-23 22:21:51'),(495,11,'3017387255','2020-05-23 22:21:51'),(496,11,'60034893','2020-05-23 22:21:51'),(497,11,'60034896','2020-05-23 22:21:51'),(498,11,'60838096','2020-05-23 22:21:51'),(499,11,'160473','2020-05-23 22:21:51'),(500,11,'3001818436','2020-05-23 22:21:51'),(501,11,'3001818673','2020-05-23 22:21:51'),(502,11,'3001821175','2020-05-23 22:21:51'),(503,11,'3001823511','2020-05-23 22:21:51'),(504,11,'60348767','2020-05-23 22:21:52'),(505,11,'310104','2020-05-23 22:21:52'),(506,11,'60348888','2020-05-23 22:21:52'),(507,11,'60348768','2020-05-23 22:21:52'),(508,11,'165171','2020-05-23 22:21:52'),(509,11,'60348726','2020-05-23 22:21:52'),(510,11,'121443','2020-05-23 22:21:52'),(511,11,'60348727','2020-05-23 22:21:52'),(512,11,'3001823417','2020-05-23 22:21:53'),(513,11,'60348628','2020-05-23 22:21:53'),(514,11,'234245','2020-05-23 22:21:53'),(515,11,'806800381','2020-05-23 22:21:53'),(516,11,'325276','2020-05-23 22:21:53'),(517,11,'804700011','2020-05-23 22:21:53'),(518,11,'60034969','2020-05-23 22:21:53'),(519,11,'60034925','2020-05-23 22:21:53'),(520,11,'3001823299','2020-05-23 22:21:54'),(521,12,'60036287','2020-05-23 22:21:54'),(522,12,'236361','2020-05-23 22:21:54'),(523,12,'120928','2020-05-23 22:21:54'),(524,12,'60036127','2020-05-23 22:21:54'),(525,12,'3001823418','2020-05-23 22:21:54'),(526,12,'60036260','2020-05-23 22:21:54'),(527,12,'355025','2020-05-23 22:21:54'),(528,12,'3001818426','2020-05-23 22:21:55'),(529,12,'60924085','2020-05-23 22:21:55'),(530,12,'60348709','2020-05-23 22:21:55'),(531,12,'60036143','2020-05-23 22:21:55'),(532,12,'3001818441','2020-05-23 22:21:55'),(533,12,'60480642','2020-05-23 22:21:55'),(534,12,'165263','2020-05-23 22:21:55'),(535,12,'60348379','2020-05-23 22:21:55'),(536,12,'60348710','2020-05-23 22:21:56'),(537,12,'3001823522','2020-05-23 22:21:56'),(538,12,'3001823523','2020-05-23 22:21:56'),(539,12,'60348736','2020-05-23 22:21:56'),(540,12,'3001823527','2020-05-23 22:21:56'),(541,12,'60348738','2020-05-23 22:21:56'),(542,12,'3017387278','2020-05-23 22:21:56'),(543,12,'60036119','2020-05-23 22:21:57'),(544,12,'60348396','2020-05-23 22:21:57'),(545,12,'60348650','2020-05-23 22:21:57'),(546,12,'291659','2020-05-23 22:21:57'),(547,12,'60034935','2020-05-23 22:21:57'),(548,12,'3001817321','2020-05-23 22:21:57'),(549,12,'3001818436','2020-05-23 22:21:58'),(550,12,'3001818673','2020-05-23 22:21:58'),(551,12,'60348700','2020-05-23 22:21:58'),(552,12,'310104','2020-05-23 22:21:58'),(553,12,'60348701','2020-05-23 22:21:58'),(554,12,'60348724','2020-05-23 22:21:58'),(555,12,'60348725','2020-05-23 22:21:58'),(556,12,'60348649','2020-05-23 22:21:58'),(557,12,'60348726','2020-05-23 22:21:58'),(558,12,'60348628','2020-05-23 22:21:59'),(559,12,'3001823417','2020-05-23 22:21:59'),(560,12,'60034966','2020-05-23 22:21:59'),(561,12,'60034944','2020-05-23 22:21:59'),(562,12,'3017387289','2020-05-23 22:21:59'),(563,12,'234245','2020-05-23 22:21:59'),(564,12,'3001815938','2020-05-23 22:21:59'),(565,12,'60034902','2020-05-23 22:22:00'),(566,12,'804700011','2020-05-23 22:22:00'),(567,12,'3001823299','2020-05-23 22:22:00'),(568,12,'60034925','2020-05-23 22:22:00'),(569,13,'60034980','2020-05-23 22:22:00'),(570,13,'236361','2020-05-23 22:22:00'),(571,13,'120928','2020-05-23 22:22:00'),(572,13,'3001818429','2020-05-23 22:22:00'),(573,13,'50019686','2020-05-23 22:22:01'),(574,13,'355025','2020-05-23 22:22:01'),(575,13,'60036143','2020-05-23 22:22:01'),(576,13,'60036284','2020-05-23 22:22:01'),(577,13,'60480642','2020-05-23 22:22:01'),(578,13,'3001823421','2020-05-23 22:22:01'),(579,13,'3001823522','2020-05-23 22:22:01'),(580,13,'60348711','2020-05-23 22:22:02'),(581,13,'3001823523','2020-05-23 22:22:02'),(582,13,'60348736','2020-05-23 22:22:02'),(583,13,'3001823527','2020-05-23 22:22:02'),(584,13,'3017387278','2020-05-23 22:22:02'),(585,13,'60348396','2020-05-23 22:22:02'),(586,13,'60036119','2020-05-23 22:22:02'),(587,13,'291659','2020-05-23 22:22:02'),(588,13,'60348651','2020-05-23 22:22:02'),(589,13,'60348630','2020-05-23 22:22:03'),(590,13,'60036276','2020-05-23 22:22:03'),(591,13,'60036115','2020-05-23 22:22:03'),(592,13,'60838096','2020-05-23 22:22:03'),(593,13,'3001818437','2020-05-23 22:22:03'),(594,13,'3001818679','2020-05-23 22:22:03'),(595,13,'3001818673','2020-05-23 22:22:03'),(596,13,'279384','2020-05-23 22:22:04'),(597,13,'60348700','2020-05-23 22:22:04'),(598,13,'3001823511','2020-05-23 22:22:04'),(599,13,'60348701','2020-05-23 22:22:04'),(600,13,'60348767','2020-05-23 22:22:04'),(601,13,'165171','2020-05-23 22:22:04'),(602,13,'60348768','2020-05-23 22:22:04'),(603,13,'3001823536','2020-05-23 22:22:04'),(604,13,'60348748','2020-05-23 22:22:04'),(605,13,'60348726','2020-05-23 22:22:05'),(606,13,'3017387289','2020-05-23 22:22:05'),(607,13,'234245','2020-05-23 22:22:05'),(608,13,'60034901','2020-05-23 22:22:05'),(609,13,'60347791','2020-05-23 22:22:05'),(610,13,'60034902','2020-05-23 22:22:05'),(611,13,'60034925','2020-05-23 22:22:05'),(612,13,'60034969','2020-05-23 22:22:05'),(613,14,'60036287','2020-05-23 22:22:06'),(614,14,'60036128','2020-05-23 22:22:06'),(615,14,'60036127','2020-05-23 22:22:06'),(616,14,'60036260','2020-05-23 22:22:06'),(617,14,'50019686','2020-05-23 22:22:06'),(618,14,'3001823418','2020-05-23 22:22:06'),(619,14,'3001815870','2020-05-23 22:22:06'),(620,14,'348391','2020-05-23 22:22:06'),(621,14,'355025','2020-05-23 22:22:06'),(622,14,'60348709','2020-05-23 22:22:07'),(623,14,'3001818426','2020-05-23 22:22:07'),(624,14,'60036143','2020-05-23 22:22:07'),(625,14,'3001818441','2020-05-23 22:22:07'),(626,14,'60036284','2020-05-23 22:22:07'),(627,14,'60348379','2020-05-23 22:22:07'),(628,14,'165263','2020-05-23 22:22:07'),(629,14,'3001823421','2020-05-23 22:22:07'),(630,14,'3001823527','2020-05-23 22:22:07'),(631,14,'60348639','2020-05-23 22:22:08'),(632,14,'3017387278','2020-05-23 22:22:08'),(633,14,'322538','2020-05-23 22:22:08'),(634,14,'60036119','2020-05-23 22:22:08'),(635,14,'60348650','2020-05-23 22:22:08'),(636,14,'291659','2020-05-23 22:22:08'),(637,14,'60348410','2020-05-23 22:22:08'),(638,14,'60034893','2020-05-23 22:22:08'),(639,14,'60036276','2020-05-23 22:22:08'),(640,14,'3001818679','2020-05-23 22:22:09'),(641,14,'60034909','2020-05-23 22:22:09'),(642,14,'3001821175','2020-05-23 22:22:09'),(643,14,'3001823511','2020-05-23 22:22:09'),(644,14,'60348701','2020-05-23 22:22:09'),(645,14,'310104','2020-05-23 22:22:09'),(646,14,'165171','2020-05-23 22:22:09'),(647,14,'60348746','2020-05-23 22:22:09'),(648,14,'60034944','2020-05-23 22:22:09'),(649,14,'60034966','2020-05-23 22:22:09'),(650,14,'60034901','2020-05-23 22:22:10'),(651,14,'60347791','2020-05-23 22:22:10'),(652,14,'60034902','2020-05-23 22:22:10'),(653,14,'3001823299','2020-05-23 22:22:10'),(654,14,'60034925','2020-05-23 22:22:10'),(655,15,'60034980','2020-05-23 22:22:11'),(656,15,'60034881','2020-05-23 22:22:11'),(657,15,'236361','2020-05-23 22:22:11'),(658,15,'60036287','2020-05-23 22:22:11'),(659,15,'120928','2020-05-23 22:22:11'),(660,15,'306537','2020-05-23 22:22:11'),(661,15,'60036127','2020-05-23 22:22:12'),(662,15,'222719','2020-05-23 22:22:12'),(663,15,'3017387280','2020-05-23 22:22:12'),(664,15,'60348629','2020-05-23 22:22:12'),(665,15,'3001815870','2020-05-23 22:22:12'),(666,15,'348391','2020-05-23 22:22:12'),(667,15,'60924085','2020-05-23 22:22:12'),(668,15,'60036143','2020-05-23 22:22:12'),(669,15,'60036284','2020-05-23 22:22:12'),(670,15,'3001823421','2020-05-23 22:22:12'),(671,15,'60348711','2020-05-23 22:22:13'),(672,15,'3001823522','2020-05-23 22:22:13'),(673,15,'3001823523','2020-05-23 22:22:13'),(674,15,'3001823403','2020-05-23 22:22:13'),(675,15,'3001823546','2020-05-23 22:22:13'),(676,15,'3017387278','2020-05-23 22:22:13'),(677,15,'322538','2020-05-23 22:22:13'),(678,15,'60348396','2020-05-23 22:22:13'),(679,15,'291659','2020-05-23 22:22:14'),(680,15,'60348651','2020-05-23 22:22:14'),(681,15,'60348630','2020-05-23 22:22:14'),(682,15,'60348410','2020-05-23 22:22:14'),(683,15,'3001823541','2020-05-23 22:22:14'),(684,15,'160458','2020-05-23 22:22:14'),(685,15,'60036276','2020-05-23 22:22:14'),(686,15,'60034896','2020-05-23 22:22:14'),(687,15,'60746926','2020-05-23 22:22:14'),(688,15,'60838096','2020-05-23 22:22:14'),(689,15,'3001818436','2020-05-23 22:22:15'),(690,15,'3001818679','2020-05-23 22:22:15'),(691,15,'3001818437','2020-05-23 22:22:15'),(692,15,'3001821175','2020-05-23 22:22:15'),(693,15,'60348700','2020-05-23 22:22:15'),(694,15,'60348888','2020-05-23 22:22:15'),(695,15,'60348701','2020-05-23 22:22:15'),(696,15,'310104','2020-05-23 22:22:15'),(697,15,'165171','2020-05-23 22:22:15'),(698,15,'60480633','2020-05-23 22:22:16'),(699,15,'60034944','2020-05-23 22:22:16'),(700,15,'806800381','2020-05-23 22:22:16'),(701,15,'3001823299','2020-05-23 22:22:16'),(702,15,'60034969','2020-05-23 22:22:16'),(703,16,'60034881','2020-05-23 22:22:16'),(704,16,'60036287','2020-05-23 22:22:16'),(705,16,'120928','2020-05-23 22:22:16'),(706,16,'3001818429','2020-05-23 22:22:16'),(707,16,'222719','2020-05-23 22:22:17'),(708,16,'3017387280','2020-05-23 22:22:17'),(709,16,'3001815870','2020-05-23 22:22:17'),(710,16,'60348707','2020-05-23 22:22:17'),(711,16,'355025','2020-05-23 22:22:17'),(712,16,'3001818425','2020-05-23 22:22:17'),(713,16,'3001818426','2020-05-23 22:22:18'),(714,16,'3001823421','2020-05-23 22:22:18'),(715,16,'60348379','2020-05-23 22:22:18'),(716,16,'60348710','2020-05-23 22:22:18'),(717,16,'3001821164','2020-05-23 22:22:18'),(718,16,'3001823523','2020-05-23 22:22:18'),(719,16,'60348738','2020-05-23 22:22:18'),(720,16,'322538','2020-05-23 22:22:18'),(721,16,'60348396','2020-05-23 22:22:18'),(722,16,'60036119','2020-05-23 22:22:19'),(723,16,'291659','2020-05-23 22:22:19'),(724,16,'60348650','2020-05-23 22:22:19'),(725,16,'60034935','2020-05-23 22:22:19'),(726,16,'3017387255','2020-05-23 22:22:19'),(727,16,'60036276','2020-05-23 22:22:19'),(728,16,'60034896','2020-05-23 22:22:19'),(729,16,'3001818436','2020-05-23 22:22:19'),(730,16,'3001818673','2020-05-23 22:22:20'),(731,16,'60034909','2020-05-23 22:22:20'),(732,16,'3001821175','2020-05-23 22:22:20'),(733,16,'3001823511','2020-05-23 22:22:20'),(734,16,'165171','2020-05-23 22:22:20'),(735,16,'60348724','2020-05-23 22:22:20'),(736,16,'60348725','2020-05-23 22:22:20'),(737,16,'3001823536','2020-05-23 22:22:20'),(738,16,'60480633','2020-05-23 22:22:21'),(739,16,'60348748','2020-05-23 22:22:21'),(740,16,'121443','2020-05-23 22:22:21'),(741,16,'60348628','2020-05-23 22:22:21'),(742,16,'60348727','2020-05-23 22:22:21'),(743,16,'60034900','2020-05-23 22:22:21'),(744,16,'60034944','2020-05-23 22:22:21'),(745,16,'60034966','2020-05-23 22:22:21'),(746,16,'3017387289','2020-05-23 22:22:21'),(747,16,'234245','2020-05-23 22:22:21'),(748,16,'3001823299','2020-05-23 22:22:22'),(749,16,'60034925','2020-05-23 22:22:22'),(750,17,'236361','2020-05-23 22:22:22'),(751,17,'60036287','2020-05-23 22:22:22'),(752,17,'60036128','2020-05-23 22:22:22'),(753,17,'60036127','2020-05-23 22:22:22'),(754,17,'3001818429','2020-05-23 22:22:22'),(755,17,'3017387280','2020-05-23 22:22:23'),(756,17,'3001823418','2020-05-23 22:22:23'),(757,17,'60348707','2020-05-23 22:22:23'),(758,17,'60924085','2020-05-23 22:22:23'),(759,17,'3001818441','2020-05-23 22:22:23'),(760,17,'60036284','2020-05-23 22:22:23'),(761,17,'60348379','2020-05-23 22:22:23'),(762,17,'3001823421','2020-05-23 22:22:23'),(763,17,'3001823523','2020-05-23 22:22:24'),(764,17,'3001823546','2020-05-23 22:22:24'),(765,17,'60348736','2020-05-23 22:22:24'),(766,17,'60348637','2020-05-23 22:22:24'),(767,17,'3001823527','2020-05-23 22:22:24'),(768,17,'322538','2020-05-23 22:22:24'),(769,17,'60348396','2020-05-23 22:22:24'),(770,17,'60348410','2020-05-23 22:22:25'),(771,17,'60034935','2020-05-23 22:22:25'),(772,17,'60348630','2020-05-23 22:22:25'),(773,17,'3017387255','2020-05-23 22:22:25'),(774,17,'60036115','2020-05-23 22:22:25'),(775,17,'279384','2020-05-23 22:22:25'),(776,17,'3001823531','2020-05-23 22:22:25'),(777,17,'3001823511','2020-05-23 22:22:25'),(778,17,'60348767','2020-05-23 22:22:26'),(779,17,'60348724','2020-05-23 22:22:26'),(780,17,'60348768','2020-05-23 22:22:26'),(781,17,'60348746','2020-05-23 22:22:26'),(782,17,'60348725','2020-05-23 22:22:26'),(783,17,'60480633','2020-05-23 22:22:26'),(784,17,'60348748','2020-05-23 22:22:27'),(785,17,'60348649','2020-05-23 22:22:27'),(786,17,'60348726','2020-05-23 22:22:27'),(787,17,'60348628','2020-05-23 22:22:27'),(788,17,'60034900','2020-05-23 22:22:28'),(789,17,'60034901','2020-05-23 22:22:28'),(790,17,'234245','2020-05-23 22:22:28'),(791,17,'806800381','2020-05-23 22:22:28'),(792,17,'60347791','2020-05-23 22:22:28'),(793,17,'60034925','2020-05-23 22:22:29'),(794,17,'3001823299','2020-05-23 22:22:29'),(795,17,'60034969','2020-05-23 22:22:29'),(796,18,'60034980','2020-05-23 22:22:29'),(797,18,'60036287','2020-05-23 22:22:29'),(798,18,'3001818429','2020-05-23 22:22:30'),(799,18,'222719','2020-05-23 22:22:30'),(800,18,'3001823418','2020-05-23 22:22:30'),(801,18,'60036260','2020-05-23 22:22:30'),(802,18,'3001818425','2020-05-23 22:22:30'),(803,18,'60348709','2020-05-23 22:22:30'),(804,18,'3001818441','2020-05-23 22:22:30'),(805,18,'60036143','2020-05-23 22:22:30'),(806,18,'60036284','2020-05-23 22:22:31'),(807,18,'60348379','2020-05-23 22:22:31'),(808,18,'60348710','2020-05-23 22:22:31'),(809,18,'60348711','2020-05-23 22:22:31'),(810,18,'3001823523','2020-05-23 22:22:31'),(811,18,'3001823546','2020-05-23 22:22:31'),(812,18,'3001823403','2020-05-23 22:22:31'),(813,18,'60348736','2020-05-23 22:22:32'),(814,18,'60348639','2020-05-23 22:22:32'),(815,18,'60348396','2020-05-23 22:22:32'),(816,18,'60348650','2020-05-23 22:22:32'),(817,18,'291659','2020-05-23 22:22:32'),(818,18,'60348651','2020-05-23 22:22:32'),(819,18,'60348630','2020-05-23 22:22:32'),(820,18,'3001823541','2020-05-23 22:22:32'),(821,18,'60034896','2020-05-23 22:22:33'),(822,18,'60746926','2020-05-23 22:22:33'),(823,18,'160473','2020-05-23 22:22:33'),(824,18,'248337','2020-05-23 22:22:33'),(825,18,'3001817321','2020-05-23 22:22:33'),(826,18,'3001818436','2020-05-23 22:22:33'),(827,18,'3001818437','2020-05-23 22:22:33'),(828,18,'3001818673','2020-05-23 22:22:33'),(829,18,'279384','2020-05-23 22:22:34'),(830,18,'3001823531','2020-05-23 22:22:34'),(831,18,'3001823511','2020-05-23 22:22:34'),(832,18,'310104','2020-05-23 22:22:34'),(833,18,'60348701','2020-05-23 22:22:34'),(834,18,'60348724','2020-05-23 22:22:34'),(835,18,'3001823417','2020-05-23 22:22:34'),(836,18,'3017387289','2020-05-23 22:22:34'),(837,18,'60034902','2020-05-23 22:22:34'),(838,18,'60034925','2020-05-23 22:22:35'),(839,18,'3001823299','2020-05-23 22:22:35'),(840,19,'236361','2020-05-23 22:22:35'),(841,19,'60036287','2020-05-23 22:22:35'),(842,19,'60036128','2020-05-23 22:22:35'),(843,19,'222719','2020-05-23 22:22:35'),(844,19,'60348629','2020-05-23 22:22:35'),(845,19,'50019686','2020-05-23 22:22:35'),(846,19,'355025','2020-05-23 22:22:35'),(847,19,'60924085','2020-05-23 22:22:36'),(848,19,'3001818426','2020-05-23 22:22:36'),(849,19,'60036143','2020-05-23 22:22:36'),(850,19,'60348379','2020-05-23 22:22:36'),(851,19,'3001823421','2020-05-23 22:22:36'),(852,19,'60348710','2020-05-23 22:22:36'),(853,19,'60348736','2020-05-23 22:22:36'),(854,19,'322538','2020-05-23 22:22:37'),(855,19,'3017387278','2020-05-23 22:22:37'),(856,19,'60347780','2020-05-23 22:22:37'),(857,19,'60348650','2020-05-23 22:22:37'),(858,19,'60348651','2020-05-23 22:22:37'),(859,19,'60348410','2020-05-23 22:22:37'),(860,19,'3001823541','2020-05-23 22:22:37'),(861,19,'60034896','2020-05-23 22:22:37'),(862,19,'60746926','2020-05-23 22:22:37'),(863,19,'60838096','2020-05-23 22:22:37'),(864,19,'3001817321','2020-05-23 22:22:37'),(865,19,'3001818436','2020-05-23 22:22:38'),(866,19,'3001818437','2020-05-23 22:22:38'),(867,19,'279384','2020-05-23 22:22:38'),(868,19,'3001823531','2020-05-23 22:22:38'),(869,19,'3001821175','2020-05-23 22:22:38'),(870,19,'60348700','2020-05-23 22:22:38'),(871,19,'60348768','2020-05-23 22:22:38'),(872,19,'60348724','2020-05-23 22:22:38'),(873,19,'3001823536','2020-05-23 22:22:38'),(874,19,'60348725','2020-05-23 22:22:38'),(875,19,'60348726','2020-05-23 22:22:39'),(876,19,'60034900','2020-05-23 22:22:39'),(877,19,'60034944','2020-05-23 22:22:39'),(878,19,'60034966','2020-05-23 22:22:39'),(879,19,'234245','2020-05-23 22:22:39'),(880,19,'3001815938','2020-05-23 22:22:39'),(881,19,'325276','2020-05-23 22:22:39'),(882,19,'60034902','2020-05-23 22:22:39'),(883,19,'60034969','2020-05-23 22:22:39'),(884,3,'50019686','2020-05-23 22:25:15'),(887,23,'60924085','2020-05-26 13:14:04'),(888,23,'804700011','2020-05-26 13:14:23');
/*!40000 ALTER TABLE `user_like_see` ENABLE KEYS */;
UNLOCK TABLES;

--
-- Table structure for table `user_want_see`
--

DROP TABLE IF EXISTS `user_want_see`;
/*!40101 SET @saved_cs_client     = @@character_set_client */;
/*!40101 SET character_set_client = utf8 */;
CREATE TABLE `user_want_see` (
  `id` int(11) NOT NULL AUTO_INCREMENT,
  `user_id` int(11) NOT NULL COMMENT '用户',
  `book_id` varchar(20) NOT NULL COMMENT '图书ID',
  `create_time` datetime NOT NULL COMMENT '创建时间',
  PRIMARY KEY (`id`),
  KEY `index_uid` (`user_id`),
  KEY `index_book_id` (`book_id`)
) ENGINE=InnoDB DEFAULT CHARSET=utf8 COMMENT='用户想看';
/*!40101 SET character_set_client = @saved_cs_client */;

--
-- Dumping data for table `user_want_see`
--

LOCK TABLES `user_want_see` WRITE;
/*!40000 ALTER TABLE `user_want_see` DISABLE KEYS */;
/*!40000 ALTER TABLE `user_want_see` ENABLE KEYS */;
UNLOCK TABLES;

--
-- Dumping routines for database 'reading_cloud_account'
--
SET @@SESSION.SQL_LOG_BIN = @MYSQLDUMP_TEMP_LOG_BIN;
/*!40103 SET TIME_ZONE=@OLD_TIME_ZONE */;

/*!40101 SET SQL_MODE=@OLD_SQL_MODE */;
/*!40014 SET FOREIGN_KEY_CHECKS=@OLD_FOREIGN_KEY_CHECKS */;
/*!40014 SET UNIQUE_CHECKS=@OLD_UNIQUE_CHECKS */;
/*!40101 SET CHARACTER_SET_CLIENT=@OLD_CHARACTER_SET_CLIENT */;
/*!40101 SET CHARACTER_SET_RESULTS=@OLD_CHARACTER_SET_RESULTS */;
/*!40101 SET COLLATION_CONNECTION=@OLD_COLLATION_CONNECTION */;
/*!40111 SET SQL_NOTES=@OLD_SQL_NOTES */;

-- Dump completed on 2020-05-26 13:55:42
