-- MySQL dump 10.13  Distrib 5.7.18, for macos10.12 (x86_64)
--
-- Host: rm-m5e52b35wx8shto17mo.mysql.rds.aliyuncs.com    Database: reading_cloud_resource
-- ------------------------------------------------------
-- Server version	8.0.16

/*!40101 SET @OLD_CHARACTER_SET_CLIENT=@@CHARACTER_SET_CLIENT */;
/*!40101 SET @OLD_CHARACTER_SET_RESULTS=@@CHARACTER_SET_RESULTS */;
/*!40101 SET @OLD_COLLATION_CONNECTION=@@COLLATION_CONNECTION */;
/*!40101 SET NAMES utf8 */;
/*!40103 SET @OLD_TIME_ZONE=@@TIME_ZONE */;
/*!40103 SET TIME_ZONE='+00:00' */;
/*!40014 SET @OLD_UNIQUE_CHECKS=@@UNIQUE_CHECKS, UNIQUE_CHECKS=0 */;
/*!40014 SET @OLD_FOREIGN_KEY_CHECKS=@@FOREIGN_KEY_CHECKS, FOREIGN_KEY_CHECKS=0 */;
/*!40101 SET @OLD_SQL_MODE=@@SQL_MODE, SQL_MODE='NO_AUTO_VALUE_ON_ZERO' */;
/*!40111 SET @OLD_SQL_NOTES=@@SQL_NOTES, SQL_NOTES=0 */;

--
-- Table structure for table `index_page_config`
--

DROP TABLE IF EXISTS `index_page_config`;
/*!40101 SET @saved_cs_client     = @@character_set_client */;
/*!40101 SET character_set_client = utf8 */;
CREATE TABLE `index_page_config` (
  `id` int(11) NOT NULL AUTO_INCREMENT,
  `page_type` tinyint(4) DEFAULT NULL COMMENT '页面类型：1.home,2.男生,3.女生',
  `item_type` tinyint(4) DEFAULT NULL COMMENT '配置项类型：1.banner,2.榜单',
  `item_id` int(11) DEFAULT NULL COMMENT '榜单/banner ID',
  `start_date` timestamp NOT NULL DEFAULT CURRENT_TIMESTAMP COMMENT '生效开始时间',
  `end_date` timestamp NOT NULL DEFAULT CURRENT_TIMESTAMP COMMENT '生效截止时间',
  `sort_number` int(11) DEFAULT NULL COMMENT '排序',
  `creater` varchar(20) NOT NULL COMMENT '创建者',
  `create_time` datetime NOT NULL COMMENT '创建时间',
  `update_time` datetime NOT NULL COMMENT '更新时间',
  `updater` varchar(20) NOT NULL COMMENT '更新者',
  PRIMARY KEY (`id`)
) ENGINE=InnoDB AUTO_INCREMENT=19 DEFAULT CHARSET=utf8 COMMENT='精品页配置表';
/*!40101 SET character_set_client = @saved_cs_client */;

--
-- Dumping data for table `index_page_config`
--

LOCK TABLES `index_page_config` WRITE;
/*!40000 ALTER TABLE `index_page_config` DISABLE KEYS */;
INSERT INTO `index_page_config` VALUES (1,1,2,1,'2020-04-08 16:00:00','2021-04-08 16:00:00',1,'admin','2020-04-09 00:00:00','2020-04-09 00:00:00','admin'),(2,1,1,1,'2020-04-08 16:00:00','2021-04-08 16:00:00',2,'admin','2020-04-09 00:00:00','2020-04-09 00:00:00','admin'),(3,1,1,3,'2020-04-08 16:00:00','2021-04-08 16:00:00',3,'admin','2020-04-09 00:00:00','2020-04-09 00:00:00','admin'),(4,1,1,4,'2020-04-08 16:00:00','2021-04-08 16:00:00',4,'admin','2020-04-09 00:00:00','2020-04-09 00:00:00','admin'),(5,1,1,5,'2020-04-08 16:00:00','2021-04-08 16:00:00',5,'admin','2020-04-09 00:00:00','2020-04-09 00:00:00','admin'),(6,1,1,6,'2020-04-08 16:00:00','2021-04-08 16:00:00',6,'admin','2020-04-09 00:00:00','2020-04-09 00:00:00','admin'),(7,3,1,7,'2020-04-08 16:00:00','2021-04-08 16:00:00',1,'admin','2020-04-09 00:00:00','2020-04-09 00:00:00','admin'),(8,3,1,8,'2020-04-08 16:00:00','2021-04-08 16:00:00',3,'admin','2020-04-09 00:00:00','2020-04-09 00:00:00','admin'),(9,3,1,9,'2020-04-08 16:00:00','2021-04-08 16:00:00',4,'admin','2020-04-09 00:00:00','2020-04-09 00:00:00','admin'),(10,3,1,10,'2020-04-08 16:00:00','2021-04-08 16:00:00',2,'admin','2020-04-09 00:00:00','2020-04-09 00:00:00','admin'),(11,2,1,11,'2020-04-08 16:00:00','2021-04-08 16:00:00',1,'admin','2020-04-09 00:00:00','2020-04-09 00:00:00','admin'),(12,2,1,12,'2020-04-08 16:00:00','2021-04-08 16:00:00',3,'admin','2020-04-09 00:00:00','2020-04-09 00:00:00','admin'),(13,2,1,13,'2020-04-08 16:00:00','2021-04-08 16:00:00',4,'admin','2020-04-09 00:00:00','2020-04-09 00:00:00','admin'),(14,2,1,14,'2020-04-08 16:00:00','2021-04-08 16:00:00',2,'admin','2020-04-09 00:00:00','2020-04-09 00:00:00','admin'),(15,2,1,15,'2020-04-08 16:00:00','2021-04-08 16:00:00',5,'admin','2020-04-09 00:00:00','2020-04-09 00:00:00','admin'),(16,4,1,16,'2020-04-08 16:00:00','2021-04-08 16:00:00',1,'admin','2020-04-09 00:00:00','2020-04-09 00:00:00','admin'),(17,4,1,17,'2020-04-08 16:00:00','2021-04-08 16:00:00',2,'admin','2020-04-09 00:00:00','2020-04-09 00:00:00','admin'),(18,4,1,18,'2020-04-08 16:00:00','2021-04-08 16:00:00',3,'admin','2020-04-09 00:00:00','2020-04-09 00:00:00','admin');
/*!40000 ALTER TABLE `index_page_config` ENABLE KEYS */;
UNLOCK TABLES;

--
-- Table structure for table `book_author`
--

DROP TABLE IF EXISTS `book_author`;
/*!40101 SET @saved_cs_client     = @@character_set_client */;
/*!40101 SET character_set_client = utf8 */;
CREATE TABLE `book_author` (
  `id` int(11) NOT NULL AUTO_INCREMENT,
  `name` varchar(100) NOT NULL COMMENT '作者名称',
  `introduction` varchar(5000) NOT NULL COMMENT '作者简介',
  `head_img_url` varchar(200) DEFAULT NULL COMMENT '头像附件URL',
  `creater` varchar(20) NOT NULL COMMENT '创建者',
  `create_time` datetime NOT NULL COMMENT '创建时间',
  `update_time` datetime NOT NULL COMMENT '更新时间',
  `updater` varchar(20) NOT NULL COMMENT '更新者',
  PRIMARY KEY (`id`)
) ENGINE=InnoDB AUTO_INCREMENT=39 DEFAULT CHARSET=utf8;
/*!40101 SET character_set_client = @saved_cs_client */;

--
-- Dumping data for table `book_author`
--

LOCK TABLES `book_author` WRITE;
/*!40000 ALTER TABLE `book_author` DISABLE KEYS */;
INSERT INTO `book_author` VALUES (4,'罗门','该作者很低调，没有留下简介，去看看ta的作品吧','attachment/2020-03-16/114727e6f2574c7ebaa9c630d313b302.jpeg','admin','2020-03-16 10:47:19','2020-03-17 15:31:21','admin'),(6,'娶个精灵做老婆','该作者很低调，没有留下简介，去看看ta的作品吧','attachment/2020-03-16/7b6d975a9f30421fafae19b178132365.jpeg','admin','2020-03-16 10:54:31','2020-03-18 14:11:20','admin'),(7,'豆娘','该作者很低调，没有留下简介，去看看ta的作品吧','attachment/2020-03-17/9f9e7f295faf43cd8c831f62cd226e1a.jpg','admin','2020-03-16 13:07:24','2020-03-17 15:30:31','admin'),(8,'苏陌','该作者很低调，没有留下简介，去看看ta的作品吧','attachment/2020-03-17/6051ed002ba148c1a39aabce847b364b.jpg','admin','2020-03-17 15:32:42','2020-03-17 15:32:42','admin'),(9,'巫门老九','该作者很低调，没有留下简介，去看看ta的作品吧','attachment/2020-03-17/df235defd1ba43f88c54477b3e14b8c2.jpg','admin','2020-03-17 15:33:25','2020-03-17 15:33:25','admin'),(10,'润田','该作者很低调，没有留下简介，去看看ta的作品吧','attachment/2020-03-17/ea772f20ae2a48c3b4d777b287533dbf.jpg','admin','2020-03-17 15:33:47','2020-03-17 15:33:47','admin'),(11,'鸣人','该作者很低调，没有留下简介，去看看ta的作品吧','attachment/2020-03-17/cea3453d3f3f4ef9bebf71bf7ab242ac.jpg','admin','2020-03-17 15:33:59','2020-03-17 15:33:59','admin'),(12,'鼬','该作者很低调，没有留下简介，去看看ta的作品吧','attachment/2020-03-18/ba906dc24c674dca99077bd1f4834cac.jpg','admin','2020-03-17 15:34:17','2020-03-18 22:46:03','admin'),(13,'小非同学','该作者很低调，没有留下简介，去看看ta的作品吧','attachment/2020-03-17/f8188e11785d401ead14a66312416e69.jpg','admin','2020-03-17 15:34:44','2020-03-17 15:34:44','admin'),(14,'强大的猪','该作者很低调，没有留下简介，去看看ta的作品吧','attachment/2020-03-17/12ef93f33e9d478698bb83fb019b3f77.jpg','admin','2020-03-17 15:35:05','2020-03-17 15:35:05','admin'),(15,'一梦江山','该作者很低调，没有留下简介，去看看ta的作品吧','attachment/2020-03-17/b8a4faf3fac74c7888a681a4ebacf600.jpg','admin','2020-03-17 15:35:33','2020-03-17 15:35:33','admin'),(16,'我爱吃蓝莓','该作者很低调，没有留下简介，去看看ta的作品吧','attachment/2020-03-17/04e95a1de9a74da3be6aa40d5ad9588e.jpg','admin','2020-03-17 15:35:51','2020-03-17 15:35:51','admin'),(17,'卡卡西','该作者很低调，没有留下简介，去看看ta的作品吧','attachment/2020-03-17/b0f9f06d1072436fade11e5cce3c6936.jpg','admin','2020-03-17 15:36:01','2020-03-17 15:36:01','admin'),(18,'草帽','该作者很低调，没有留下简介，去看看ta的作品吧','attachment/2020-03-17/06e8096acb854c58870197331a149664.jpg','admin','2020-03-17 15:36:12','2020-03-17 15:36:12','admin'),(19,'水门','该作者很低调，没有留下简介，去看看ta的作品吧','attachment/2020-03-17/1b711622fdfc48919efaa0ed374852b0.jpg','admin','2020-03-17 15:36:22','2020-03-17 15:36:22','admin'),(20,'王子','该作者很低调，没有留下简介，去看看ta的作品吧','attachment/2020-03-17/4c97bfbbf00c4d678159f67d7998b067.jpg','admin','2020-03-17 15:36:34','2020-03-17 15:36:34','admin'),(21,'索隆','该作者很低调，没有留下简介，去看看ta的作品吧','attachment/2020-03-17/3cf542ceb654437d83d31dca37f2c606.jpg','admin','2020-03-17 15:36:51','2020-03-17 15:36:51','admin'),(22,'L','该作者很低调，没有留下简介，去看看ta的作品吧','attachment/2020-03-17/e5daa07d42a74281ad38590bec117bd4.jpeg','admin','2020-03-17 15:37:00','2020-03-17 15:37:00','admin'),(23,'洛天依','该作者很低调，没有留下简介，去看看ta的作品吧','attachment/2020-03-18/a16f80099eae4a2e99e992566d48fa88.jpg','admin','2020-03-17 15:37:12','2020-03-18 22:57:49','admin'),(24,'魏无羡','该作者很低调，没有留下简介，去看看ta的作品吧','attachment/2020-03-17/8234496cb7944d289912058c5bc8a889.jpg','admin','2020-03-17 15:37:25','2020-03-17 15:37:25','admin'),(25,'野小子','该作者很低调，没有留下简介，去看看ta的作品吧','attachment/2020-03-17/0e62049a17ef4681a164528e28ed4fc1.jpg','admin','2020-03-17 15:37:47','2020-03-17 15:37:47','admin'),(26,'圣诞不快乐','该作者很低调，没有留下简介，去看看ta的作品吧','attachment/2020-03-17/2c641660474c4c06a8fe0e38fe7a74c4.jpg','admin','2020-03-17 15:38:04','2020-03-17 15:38:04','admin'),(27,'黑桃King','该作者很低调，没有留下简介，去看看ta的作品吧','attachment/2020-03-17/8b3f72b0a2c74f07a54191787233f189.jpg','admin','2020-03-17 15:38:24','2020-03-17 15:38:24','admin'),(28,'鸟鸭','该作者很低调，没有留下简介，去看看ta的作品吧','attachment/2020-03-17/11e7e8c9cc004caf81834126c8219416.jpeg','admin','2020-03-17 15:49:23','2020-03-17 15:49:23','admin'),(29,'张阳小白','该作者很低调，没有留下简介，去看看ta的作品吧','attachment/2020-03-17/cceee5ec0be44b06ab6b7f53f8c1f7cf.jpg','admin','2020-03-17 15:49:48','2020-03-17 15:49:48','admin'),(30,'一叶知秋','该作者很低调，没有留下简介，去看看ta的作品吧','attachment/2020-03-17/030ca661286947b19e38bda30baada3e.jpeg','admin','2020-03-17 15:50:14','2020-03-17 15:50:14','admin'),(31,'三手烟','该作者很低调，没有留下简介，去看看ta的作品吧','attachment/2020-03-17/b9a042ef21274c0fafdb803ebd540372.jpg','admin','2020-03-17 15:50:26','2020-03-17 15:50:26','admin'),(32,'邪灵一把刀','该作者很低调，没有留下简介，去看看ta的作品吧','attachment/2020-03-17/e4ba59e409a940288b585a9fa7ebb3bd.jpeg','admin','2020-03-17 15:50:42','2020-03-17 15:50:42','admin'),(33,'丹妮莉丝','该作者很低调，没有留下简介，去看看ta的作品吧','attachment/2020-03-17/12249ad8f6c948639330fb19739815d4.jpg','admin','2020-03-17 15:50:51','2020-03-17 15:50:51','admin'),(34,'蘑菇','该作者很低调，没有留下简介，去看看ta的作品吧','attachment/2020-03-17/0c655358c70e45b0a6c2141f9fbe9a14.jpg','admin','2020-03-17 15:50:59','2020-03-17 15:50:59','admin'),(35,'女王','该作者很低调，没有留下简介，去看看ta的作品吧','attachment/2020-03-17/6b726e10a61b4d15ad46be29e40483cd.jpg','admin','2020-03-17 15:51:18','2020-03-17 16:06:40','admin'),(36,'三眼乌鸦','该作者很低调，没有留下简介，去看看ta的作品吧','attachment/2020-03-17/8aaa43828f964e57b0dbec904c3fd8c8.jpg','admin','2020-03-17 15:51:32','2020-03-17 15:51:32','admin'),(37,'你不懂我','该作者很低调，没有留下简介，去看看ta的作品吧','attachment/2020-03-17/d857a697f1bb4f16a7c9ec4f08bae05e.jpg','admin','2020-03-17 15:51:43','2020-03-17 15:51:43','admin'),(38,'不懂温柔','该作者很低调，没有留下简介，去看看ta的作品吧','attachment/2020-03-17/77ac136247864fc49b76d658a09c474b.jpg','admin','2020-03-17 15:51:54','2020-03-17 15:51:54','admin');
/*!40000 ALTER TABLE `book_author` ENABLE KEYS */;
UNLOCK TABLES;

--
-- Table structure for table `index_booklist`
--

DROP TABLE IF EXISTS `index_booklist`;
/*!40101 SET @saved_cs_client     = @@character_set_client */;
/*!40101 SET character_set_client = utf8 */;
CREATE TABLE `index_booklist` (
  `id` int(11) NOT NULL AUTO_INCREMENT,
  `name` varchar(100) NOT NULL COMMENT '名称',
  `show_number` tinyint(4) DEFAULT NULL COMMENT '显示数量',
  `style` tinyint(4) NOT NULL COMMENT '书单样式：1.横版(2*3),2.竖版(1*3),3.1+4,4.推荐(1),5.竖版(1*5)',
  `more_type` tinyint(4) NOT NULL COMMENT '更多类型：1.无,2.更多,3.换一换,4.分页加载',
  `more_url` varchar(200) NOT NULL COMMENT '更多链接',
  `book_ids` varchar(2000) NOT NULL COMMENT '图书IDs',
  `start_date` timestamp NOT NULL DEFAULT CURRENT_TIMESTAMP ON UPDATE CURRENT_TIMESTAMP COMMENT '开始时间',
  `end_date` timestamp NOT NULL DEFAULT CURRENT_TIMESTAMP COMMENT '结束时间',
  `creater` varchar(20) NOT NULL COMMENT '创建者',
  `create_time` datetime NOT NULL COMMENT '创建时间',
  `update_time` datetime NOT NULL COMMENT '更新时间',
  `updater` varchar(20) NOT NULL COMMENT '更新者',
  `show_like_count` bit(1) DEFAULT NULL COMMENT '是否显示喜欢数',
  PRIMARY KEY (`id`)
) ENGINE=InnoDB AUTO_INCREMENT=19 DEFAULT CHARSET=utf8 COMMENT='精品页书单配置';
/*!40101 SET character_set_client = @saved_cs_client */;

--
-- Dumping data for table `index_booklist`
--

LOCK TABLES `index_booklist` WRITE;
/*!40000 ALTER TABLE `index_booklist` DISABLE KEYS */;
INSERT INTO `index_booklist` VALUES (1,'萝卜白菜 各有所爱',5,3,1,'','3001815938,60348630,60348768,3001823403,60348726','2020-05-23 13:16:58','2020-05-08 16:00:00','admin','2020-04-09 00:00:00','2020-04-09 00:00:00','admin',''),(3,'今日精选',3,2,3,'','60034881,60348738,60348748,3001818679,3001823511,3001823523,60034909,3001821164,60034902,60034969,60348410,3001823299,60034980,60348650,3001823531','2020-05-16 14:41:24','2020-05-08 16:00:00','admin','2020-04-09 00:00:00','2020-04-09 00:00:00','admin','\0'),(4,'最热完本',6,1,2,'','60036284,60347780,3001818436,236361,291659,279384,222719,60348379,3001818441,3017387255,60034944,60036143,60036260,60034893,60348746','2020-05-16 14:41:24','2020-05-08 16:00:00','admin','2020-04-09 00:00:00','2020-04-09 00:00:00','admin','\0'),(5,'今日推荐',1,4,1,'','121443','2020-05-20 14:55:58','2020-05-08 16:00:00','admin','2020-04-09 00:00:00','2020-04-09 00:00:00','admin','\0'),(6,'这里有故事，你有酒吗',5,5,2,'','60480633,160458,322538,160473,120928,355025,121443,60348630,60348768,3001823403,60348726,60480642','2020-05-20 14:55:15','2020-05-08 16:00:00','admin','2020-04-09 00:00:00','2020-04-09 00:00:00','admin','\0'),(7,'当你的眼睛眯着笑，当你喝可乐当你找',1,4,1,'','60924085','2020-05-23 13:31:33','2020-05-08 16:00:00','admin','2020-04-09 00:00:00','2020-04-09 00:00:00','admin','\0'),(8,'高分好书',3,2,2,'','234245,310104,348391,165263,60348725,60348767,60348710,3001823421,60348628,3001818425,3001818673,60348707,60348888','2020-05-16 14:41:24','2020-05-08 16:00:00','admin','2020-04-09 00:00:00','2020-04-09 00:00:00','admin','\0'),(9,'言情精选',5,3,1,'','60348709,60746926,165171,804700011,806800381','2020-05-23 14:26:36','2020-05-08 16:00:00','admin','2020-04-09 00:00:00','2020-04-09 00:00:00','admin',''),(10,'女神读物',6,1,3,'','3017387278,60348701,60036276,3001823527,60348629,248337,3001821175,60034925,60348396,60034935,3001823417,3001815870,50019686,325276,60838096','2020-05-20 15:04:53','2020-05-08 16:00:00','admin','2020-04-09 00:00:00','2020-04-09 00:00:00','admin','\0'),(11,'重磅力荐',1,4,1,'','60036127','2020-05-23 13:43:43','2020-05-08 16:00:00','admin','2020-04-09 00:00:00','2020-04-09 00:00:00','admin','\0'),(12,'猜你喜欢',3,2,3,'','60348711,60348651,60348637,60348727,3001818437,3001817321,3017387289,3001823522,60034966,60348724,60036119,3001818426,60348736','2020-05-16 14:41:24','2020-05-08 16:00:00','admin','2020-04-09 00:00:00','2020-04-09 00:00:00','admin','\0'),(13,'不看白不看',5,3,2,'','60348639,60036115,60036287,306537,3001818429,60347791,3001823536,3017387280,60034900,3001823418,60036128','2020-05-23 14:26:36','2020-05-08 16:00:00','admin','2020-04-09 00:00:00','2020-04-09 00:00:00','admin',''),(14,'男生精选',6,1,1,'','60348700,60034896,3001823541,60034901,60348649,60036127','2020-05-16 14:41:24','2020-05-08 16:00:00','admin','2020-04-09 00:00:00','2020-04-09 00:00:00','admin','\0'),(15,'村口集合，水泥自带',5,5,1,'','60034902,3001823531,60034909,60347780,222719','2020-05-16 14:41:24','2020-05-08 16:00:00','admin','2020-04-09 00:00:00','2020-04-09 00:00:00','admin','\0'),(16,'蒹葭苍苍，白露为霜，所谓伊人，在水一方',5,3,1,'','50019686,325276,60348396,60036276,3001823417','2020-05-23 14:26:36','2020-05-08 16:00:00','admin','2020-04-09 00:00:00','2020-04-09 00:00:00','admin',''),(17,'如果世界只剩下一首歌，我愿意是你的声音',1,4,1,'','804700011','2020-05-23 13:52:10','2020-05-08 16:00:00','admin','2020-04-09 00:00:00','2020-04-09 00:00:00','admin','\0'),(18,'指尖细沙滑落，岁月匆匆而过',5,5,3,'','3017387280,60036128,3001823541,60034901,60348649,3001823527,60348629,3001823417,60746926,806800381,3017387278,60348701,60838096,3001821175,306537,3001818429,60347791,3001823536,3017387280','2020-05-23 14:05:09','2020-05-08 16:00:00','admin','2020-04-09 00:00:00','2020-04-09 00:00:00','admin','\0');
/*!40000 ALTER TABLE `index_booklist` ENABLE KEYS */;
UNLOCK TABLES;

--
-- Table structure for table `data_dictionary`
--

DROP TABLE IF EXISTS `data_dictionary`;
/*!40101 SET @saved_cs_client     = @@character_set_client */;
/*!40101 SET character_set_client = utf8 */;
CREATE TABLE `data_dictionary` (
  `id` int(11) NOT NULL AUTO_INCREMENT,
  `dic_type` varchar(30) NOT NULL COMMENT '字典类型',
  `dic_type_name` varchar(30) NOT NULL COMMENT '类型名称',
  `code` int(11) NOT NULL COMMENT '字典编码',
  `name` varchar(50) NOT NULL COMMENT '字典名称',
  `sort_number` int(11) NOT NULL COMMENT '排序',
  PRIMARY KEY (`id`),
  UNIQUE KEY `uk_dic_type` (`dic_type`,`code`)
) ENGINE=InnoDB AUTO_INCREMENT=27 DEFAULT CHARSET=utf8 COMMENT='数据字典';
/*!40101 SET character_set_client = @saved_cs_client */;

--
-- Dumping data for table `data_dictionary`
--

LOCK TABLES `data_dictionary` WRITE;
/*!40000 ALTER TABLE `data_dictionary` DISABLE KEYS */;
INSERT INTO `data_dictionary` VALUES (1,'category','书籍分类',1200,'都市小说',1),(2,'category','书籍分类',1100,'东方玄幻',2),(3,'category','书籍分类',1400,'武侠仙侠',3),(4,'category','书籍分类',1800,'悬疑惊悚',4),(5,'category','书籍分类',1300,'西方玄幻',5),(6,'category','书籍分类',1700,'网游竞技',6),(7,'category','书籍分类',1600,'科幻未来',7),(8,'category','书籍分类',1500,'历史穿越',8),(9,'channel','所属频道',1,'男生',1),(10,'channel','所属频道',2,'女生',2),(11,'channel','所属频道',3,'出版',3),(14,'serial_status','连载状态',1,'连载',1),(15,'serial_status','连载状态',2,'暂更',2),(16,'serial_status','连载状态',3,'完结',3),(17,'category','书籍分类',2100,'古代言情',9),(18,'category','书籍分类',2200,'幻想言情',10),(19,'category','书籍分类',2300,'都市言情',11),(20,'category','书籍分类',2400,'总裁豪门',12),(21,'category','书籍分类',2500,'青春校园',13),(22,'category','书籍分类',2600,'唯美同人',14),(23,'category','书籍分类',2700,'历史穿越',15),(24,'category','书籍分类',2800,'历史穿越',16),(25,'category','书籍分类',3100,'文学小说',17),(26,'category','书籍分类',3200,'经典名著',18);
/*!40000 ALTER TABLE `data_dictionary` ENABLE KEYS */;
UNLOCK TABLES;

--
-- Table structure for table `index_booklist_item`
--

DROP TABLE IF EXISTS `index_booklist_item`;
/*!40101 SET @saved_cs_client     = @@character_set_client */;
/*!40101 SET character_set_client = utf8 */;
CREATE TABLE `index_booklist_item` (
  `id` int(11) NOT NULL AUTO_INCREMENT,
  `booklist_id` int(11) NOT NULL COMMENT '书单ID',
  `book_id` varchar(100) NOT NULL COMMENT '图书ID',
  `sort_number` int(11) DEFAULT NULL COMMENT '排序',
  `creater` varchar(20) NOT NULL COMMENT '创建者',
  `create_time` datetime NOT NULL COMMENT '创建时间',
  `update_time` datetime NOT NULL COMMENT '更新时间',
  `updater` varchar(20) NOT NULL COMMENT '更新者',
  PRIMARY KEY (`id`)
) ENGINE=InnoDB AUTO_INCREMENT=54 DEFAULT CHARSET=utf8 COMMENT='精品页-书单明细';
/*!40101 SET character_set_client = @saved_cs_client */;

--
-- Dumping data for table `index_booklist_item`
--

LOCK TABLES `index_booklist_item` WRITE;
/*!40000 ALTER TABLE `index_booklist_item` DISABLE KEYS */;
INSERT INTO `index_booklist_item` VALUES (2,4,'60036284',2,'admin','2020-04-09 00:00:00','2020-04-09 00:00:00','admin'),(3,4,'60347780',3,'admin','2020-04-09 00:00:00','2020-04-09 00:00:00','admin'),(4,4,'3001818436',4,'admin','2020-04-09 00:00:00','2020-04-09 00:00:00','admin'),(5,4,'236361',5,'admin','2020-04-09 00:00:00','2020-04-09 00:00:00','admin'),(6,4,'291659',6,'admin','2020-04-09 00:00:00','2020-04-09 00:00:00','admin'),(7,4,'279384',7,'admin','2020-04-09 00:00:00','2020-04-09 00:00:00','admin'),(8,4,'222719',8,'admin','2020-04-09 00:00:00','2020-04-09 00:00:00','admin'),(9,4,'60348379',9,'admin','2020-04-09 00:00:00','2020-04-09 00:00:00','admin'),(10,4,'3001818441',10,'admin','2020-04-09 00:00:00','2020-04-09 00:00:00','admin'),(11,4,'3017387255',11,'admin','2020-04-09 00:00:00','2020-04-09 00:00:00','admin'),(12,4,'60034944',12,'admin','2020-04-09 00:00:00','2020-04-09 00:00:00','admin'),(13,4,'60036143',13,'admin','2020-04-09 00:00:00','2020-04-09 00:00:00','admin'),(14,4,'60036260',14,'admin','2020-04-09 00:00:00','2020-04-09 00:00:00','admin'),(15,4,'60034893',15,'admin','2020-04-09 00:00:00','2020-04-09 00:00:00','admin'),(16,4,'60348746',16,'admin','2020-04-09 00:00:00','2020-04-09 00:00:00','admin'),(18,6,'60480633',1,'admin','2020-05-23 22:00:57','2020-05-23 22:00:57','admin'),(19,6,'160458',2,'admin','2020-05-23 22:00:57','2020-05-23 22:00:57','admin'),(20,6,'322538',3,'admin','2020-05-23 22:00:57','2020-05-23 22:00:57','admin'),(21,6,'160473',4,'admin','2020-05-23 22:00:57','2020-05-23 22:00:57','admin'),(22,6,'120928',5,'admin','2020-05-23 22:00:57','2020-05-23 22:00:57','admin'),(23,6,'355025',6,'admin','2020-05-23 22:00:58','2020-05-23 22:00:58','admin'),(24,6,'121443',7,'admin','2020-05-23 22:00:58','2020-05-23 22:00:58','admin'),(25,6,'60348630',8,'admin','2020-05-23 22:00:58','2020-05-23 22:00:58','admin'),(26,6,'60348768',9,'admin','2020-05-23 22:00:58','2020-05-23 22:00:58','admin'),(27,6,'3001823403',10,'admin','2020-05-23 22:00:58','2020-05-23 22:00:58','admin'),(28,6,'60348726',11,'admin','2020-05-23 22:00:58','2020-05-23 22:00:58','admin'),(29,6,'60480642',12,'admin','2020-05-23 22:00:58','2020-05-23 22:00:58','admin'),(30,8,'234245',1,'admin','2020-05-23 22:01:43','2020-05-23 22:01:43','admin'),(31,8,'310104',2,'admin','2020-05-23 22:01:43','2020-05-23 22:01:43','admin'),(32,8,'348391',3,'admin','2020-05-23 22:01:43','2020-05-23 22:01:43','admin'),(33,8,'165263',4,'admin','2020-05-23 22:01:43','2020-05-23 22:01:43','admin'),(34,8,'60348725',5,'admin','2020-05-23 22:01:44','2020-05-23 22:01:44','admin'),(35,8,'60348767',6,'admin','2020-05-23 22:01:44','2020-05-23 22:01:44','admin'),(36,8,'60348710',7,'admin','2020-05-23 22:01:44','2020-05-23 22:01:44','admin'),(37,8,'3001823421',8,'admin','2020-05-23 22:01:44','2020-05-23 22:01:44','admin'),(38,8,'60348628',9,'admin','2020-05-23 22:01:44','2020-05-23 22:01:44','admin'),(39,8,'3001818425',10,'admin','2020-05-23 22:01:44','2020-05-23 22:01:44','admin'),(40,8,'3001818673',11,'admin','2020-05-23 22:01:44','2020-05-23 22:01:44','admin'),(41,8,'60348707',12,'admin','2020-05-23 22:01:44','2020-05-23 22:01:44','admin'),(42,8,'60348888',13,'admin','2020-05-23 22:01:44','2020-05-23 22:01:44','admin'),(43,13,'60348639',1,'admin','2020-05-23 22:02:20','2020-05-23 22:02:20','admin'),(44,13,'60036115',2,'admin','2020-05-23 22:02:20','2020-05-23 22:02:20','admin'),(45,13,'60036287',3,'admin','2020-05-23 22:02:20','2020-05-23 22:02:20','admin'),(46,13,'306537',4,'admin','2020-05-23 22:02:20','2020-05-23 22:02:20','admin'),(47,13,'3001818429',5,'admin','2020-05-23 22:02:20','2020-05-23 22:02:20','admin'),(48,13,'60347791',6,'admin','2020-05-23 22:02:20','2020-05-23 22:02:20','admin'),(49,13,'3001823536',7,'admin','2020-05-23 22:02:20','2020-05-23 22:02:20','admin'),(50,13,'3017387280',8,'admin','2020-05-23 22:02:20','2020-05-23 22:02:20','admin'),(51,13,'60034900',9,'admin','2020-05-23 22:02:20','2020-05-23 22:02:20','admin'),(52,13,'3001823418',10,'admin','2020-05-23 22:02:21','2020-05-23 22:02:21','admin'),(53,13,'60036128',11,'admin','2020-05-23 22:02:21','2020-05-23 22:02:21','admin');
/*!40000 ALTER TABLE `index_booklist_item` ENABLE KEYS */;
UNLOCK TABLES;

--
-- Table structure for table `book`
--

DROP TABLE IF EXISTS `book`;
/*!40101 SET @saved_cs_client     = @@character_set_client */;
/*!40101 SET character_set_client = utf8 */;
CREATE TABLE `book` (
  `id` int(11) NOT NULL AUTO_INCREMENT,
  `author_id` int(11) NOT NULL COMMENT '作者',
  `dic_category` int(11) NOT NULL COMMENT '分类',
  `dic_channel` tinyint(11) NOT NULL COMMENT '频道ID:0全部,1男生,2女生,3出版物',
  `dic_serial_status` tinyint(4) NOT NULL COMMENT '连载状态',
  `online_status` bit(1) NOT NULL COMMENT '状态：0下架，1上架',
  `book_id` varchar(20) NOT NULL COMMENT '图书ID',
  `book_name` varchar(100) NOT NULL COMMENT '图书名称',
  `book_score` tinyint(4) NOT NULL COMMENT '图书评分',
  `key_word` varchar(150) DEFAULT NULL COMMENT '关键词',
  `img_url` varchar(200) DEFAULT NULL COMMENT '封面',
  `author_name` varchar(50) NOT NULL COMMENT '作者名称',
  `introduction` text COMMENT '简介',
  `isbn` varchar(30) DEFAULT NULL COMMENT 'ISBN',
  `word_count` int(11) DEFAULT NULL COMMENT '字数',
  `creater` varchar(20) NOT NULL COMMENT '创建者',
  `create_time` datetime NOT NULL COMMENT '创建时间',
  `update_time` datetime NOT NULL COMMENT '更新时间',
  `updater` varchar(20) NOT NULL COMMENT '更新者',
  PRIMARY KEY (`id`),
  UNIQUE KEY `key_bookid` (`book_id`),
  KEY `key_author` (`author_id`) USING BTREE,
  KEY `key_book_name` (`book_name`) USING BTREE,
  KEY `key_dic_02` (`dic_category`,`dic_channel`) USING BTREE
) ENGINE=InnoDB AUTO_INCREMENT=132 DEFAULT CHARSET=utf8 COMMENT='图书表';
/*!40101 SET character_set_client = @saved_cs_client */;

--
-- Dumping data for table `book`
--

LOCK TABLES `book` WRITE;
/*!40000 ALTER TABLE `book` DISABLE KEYS */;
INSERT INTO `book` VALUES (24,0,1400,1,2,'','60034881','极御道天',3,'经典 热血 法宝 扮猪吃老虎','http://reading.zealon.cn/60034881.jpg','姜太公的鱼','一花语世界，一沙掌永恒；察情动于一瞬，悟众相于一茶……\r\n成长之路，跌宕惊魂，挣扎在魔枭巨擘之间；强者之路，孤战天下，徘回于生死绝境之中；求真之途，感悟生死轮回，堪破宙宇迷雾；寻爱之旅，柔肠百结，甘愿为爱化身轮回……\r\n……入道——识道——铭道——化道——御道——混元无上道……\r\n秦枫，一个平凡的少年，且看他如何一路杀至巅峰……\r\n极御道天书友群：【】期待和朋友们一起讨论情节','',26,'admin','2020-05-15 17:10:33','2020-05-15 17:10:33','admin'),(25,0,2300,2,3,'','60348738','左心右爱',3,'高干 虐恋情深 腹黑 宠文 沫冉邀请驻站','http://reading.zealon.cn/60348738.jpg','半世荒唐','她为了最爱的男人付出一切，但是那男人却恨不得她死。\r\n——【肖冉，我曾经有多爱你，现在就有多恨你！为什么死的那个不是你？】\r\n——————————————————————————————————\r\n爱她的男人为她挡风遮雨，她却只能一再逃避这份深情。\r\n——【小冉，如果全世界的人都背叛了你，我就站在你的身后背叛全世界！】\r\n——————————————————————————————————\r\n一念天堂，一念地狱，一边是理智，一边是爱情，她在爱和理智之间挣扎，左右为难……','',40,'admin','2020-05-15 17:12:23','2020-05-15 17:12:23','admin'),(26,0,2300,2,3,'','60348748','强娶昊夺',3,'婚后相处，温馨暖爱，一女多男','http://reading.zealon.cn/60348748.jpg','月如眉love','当年，他曾看着她坠入爱河，情根深种；她曾目睹他游戏人间，惹下桃花无数；五年前，她是曾说过五年后若各自单身，便考虑嫁给她。但那不过是为了摆脱他纠缠的敷衍之辞。五年后，他竟悍然而来，不顾她仍心系他人，对她强娶豪夺。\r\n***\r\n为何他明知她仍心系他人，却仍是逼她签约，强行娶了她？为何开始的深宠蜜爱后来竟又变成了冷酷决绝？\r\n为何明明已经分开，他却仍是对她强取豪夺？\r\n亲人生死、阴谋离间、孩子的争抢......这些万水千山能否阻隔得了真爱的脚步？\r\n￥￥￥\r\n如眉的新文，民国言情文《犹记惊鸿》已经开文，','',49,'admin','2020-05-15 17:12:23','2020-05-15 17:12:23','admin'),(27,0,1200,1,2,'','3001818679','超感鉴宝师',4,'鉴宝,升级,扮猪吃老虎,异术,都市,爽文','http://reading.zealon.cn/3001818679.jpg','苦瓜才子','方飞扬无意中获得超强感知能力，通过触摸，头脑里能闪现百年历史的老物件相关的神秘影像，从此他的人生发生了翻天覆地的变化。\r\n古玩市场，地摊捡漏，其中不乏无价之宝；\r\n奇珍异宝，高仿赝品，逃不出超强感知力；\r\n一幕幕精彩纷呈的淘宝鉴宝故事，一场场点石成金、化腐朽为神奇的财富传奇。','',83,'admin','2020-05-15 17:12:32','2020-05-15 17:12:32','admin'),(28,0,1100,1,2,'','3001823511','盗魄御天',3,'甜甜呼邀请驻站','http://reading.zealon.cn/3001823511.jpg','醉亦眠','三年前，家族覆灭，留给他的只有家传神秘戒指。\r\n他寄人篱下，丹冥堵塞，是众人眼中的奇葩男，忍受嘲笑、讥讽。\r\n三年后，一场桃竹诡异，激活他体内隐藏七魄星，并得知七魄灵珠散落各地。\r\n然而，宗族之选，考核之时，百兽山内，却重伤跳崖，\r\n就当全世界的人都以为他已经死去，\r\n一切的一切，从他新的旅途开始……\r\n且看他如何集聚七魄灵珠，光复姜家，掀起纷纭九州，逆天改界……','',16,'admin','2020-05-15 17:12:47','2020-05-15 17:12:47','admin'),(29,0,1200,1,3,'','3001823523','与美女教师合租',3,'叶闲，校园生活，一鸣惊人，凤凰男的逆袭之路','http://reading.zealon.cn/3001823523.jpg','留方千古','一次偶然邂逅的年轻美女教师，低情商高智商的叶闲竟巧之又巧地与她合租在了一起。欲知后事如何，请看《与美女教师合租》……\r\n\r\n求订阅，订阅，订阅，订阅，订阅，订阅！！！！！！','',78,'admin','2020-05-15 17:13:07','2020-05-15 17:13:07','admin'),(30,0,1200,1,3,'','60034909','最强天才',4,'美女 YY 逆袭','http://reading.zealon.cn/60034909.jpg','温东篱','这就是命运，没有什么公平不公平。少年得到一个指环。指环很是普通，看似是铜质，除了几块铜绿以外，就没有其他奇特的地方。“这是神奇戒指，你要问我是从哪里得到的，也不要管它为什么会存在，倘若有缘成仙，日后自会知道，倘若成不了仙，那它会随着你的死亡而自动消失，总之这是一个神奇戒指，改变你命运的戒指。”  红鸾星动，天降桃劫。从此，他的人生开始变得与众不同。','',12,'admin','2020-05-15 17:13:23','2020-05-15 17:13:23','admin'),(31,0,1200,1,3,'','3001821164','重生之暧昧狗才',3,'冒牌 富二代 狗 暧昧 激战 热血 黑丝 妹妹','http://reading.zealon.cn/3001821164.jpg','兰亭小雨','误抓到地府的薛仁玉原本想重生成富二代，\r\n未想却错投狗胎。\r\n阎王示好赐予他人狗转换的异能，\r\n异能在手、阎王相助，且看他如何玩转情场，演绎逆袭人生。\r\n\r\n本书已完结，全部章节免费，','',60,'admin','2020-05-15 17:13:38','2020-05-15 17:13:38','admin'),(32,0,1200,1,3,'','60034902','小小符师混都市',3,'时间少年邀请驻站 黑暗 小白文 霸道 阴阳师','http://reading.zealon.cn/60034902.jpg','翊男天','民工保安身，坎坎坷坷，小小符师都市修仙缘。师傅点密境，符印身周悬。百花丛中过，哪有不留香？ 谁说佛家不贪色，双修功法有何说？佛祖心中坐，美女怀中窝。冰火两重天，吞封双重佛，双修神龙附，他日成魔混都市。','',79,'admin','2020-05-15 17:13:58','2020-05-15 17:13:58','admin'),(33,0,1200,1,2,'','60034969','巅峰寂莫',3,'热血  友情 爱情 激战 爽文','http://reading.zealon.cn/60034969.jpg','安平侯','农家少年，先后经历搬运工，抗打男模，黑拳高手，女总裁保镖，最后成为帮派幕后老板。\r\n谁知，在事业鼎盛期，却遭遇各方恐怖势力打压。\r\n但看少年如何一步步踩着强大对手头颅，登上世界强者巅峰。\r\n回首刹那，却已巅峰寂寞。\r\n交流QQ群：','',107,'admin','2020-05-15 17:14:06','2020-05-15 17:14:06','admin'),(34,0,2300,2,2,'','60348410','一吻定情：溺宠小甜妻',4,'火爆,小妻子,甜心','http://reading.zealon.cn/60348410.jpg','芥蓝','缱绻的夜色.','',26,'admin','2020-05-15 17:14:08','2020-05-15 17:14:08','admin'),(35,0,1200,1,2,'','3001823299','宅男导演',3,'兮小主邀请驻站','http://reading.zealon.cn/3001823299.jpg','孟疯子','标准宅男一名，重生到华国，\r\n就读于电影学院，圆他导演梦，\r\n带有导演辅助系统，涵括了他电脑里所有的小说和电影，\r\n他不仅写小说成名，写的剧本更是拍摄成电影，\r\n轰动全球，瞩目万分，\r\n他更是写歌词，事业大放光彩，蒸蒸日上，\r\n看宅男怎样一步步蜕变成事业有成的大导演……','',31,'admin','2020-05-15 17:14:10','2020-05-15 17:14:10','admin'),(36,0,1200,1,2,'','60034980','我是富二代',3,'扮猪吃虎，后宫，青春，校园，深谋','http://reading.zealon.cn/60034980.jpg','三段锦','徐迟安，来自农村，高考状元。爱耍帅，爱美女，爱打架，爱装逼。没有人拿他当回事儿，直到他征服了冰山，收服了烈焰，泡罢校花，又泡国花，大家才想起杀之而后快。高官之子，巨贾之后，种种变态种种强憾，磨刀霍霍向迟安。又直到迟安同学被整的哭鼻子回家搬救兵时，大家才知道一切在他那个首富老爹面前，都是那么的不堪一击……','',50,'admin','2020-05-15 17:14:26','2020-05-15 17:14:26','admin'),(37,0,1200,1,3,'','60348650','美女别发烧',4,'爽文,搞笑,歪歪,暧昧,热血,屌丝','http://reading.zealon.cn/60348650.jpg','糊吹','一个苦逼的屌丝富二代陈钞票。为什么陈钞票是屌丝，又是一个富二代呢？\r\n因为他老子太抠了，不给他钱花。\r\n那太悲剧了！肯定的。一个屌丝富二代的逆袭之路！\r\n这时一个身材妖娆，性感火辣，容颜娇媚的美女将陈钞票按在了地上。\r\n陈钞票大惊：“啊！美女你要干什么？你脑袋别发烧，别这样，我不是个好人，真的不是个好人。别，别，别这样，不要，不要！别啊，我求你了！”\r\n美女不管不顾，对着陈钞票坐了下去。\r\n”啊……','',77,'admin','2020-05-15 17:14:48','2020-05-15 17:14:48','admin'),(38,0,1200,1,3,'','3001823531','领着农民玩逆袭',4,'王者,传奇,都市','http://reading.zealon.cn/3001823531.jpg','八指半','佣兵界令人闻风丧胆的王者，在一次事件之后毅然的退出佣兵界回到自己的家乡，却意外的当上这个村子里的村长。\r\n“叫我杀人我在行，叫我当村长这不是赶鸭子上架么？”无奈之下，领着几个大字不识一个的农民，都市，俺来了！\r\n“老大，听说城市里那四个轮子的铁疙瘩，开起来比村里的拖拉机还牛13，能给俺弄一辆不？”\r\n“行，奔驰宝马随便开随便挑。”\r\n“老大，看那城市里的姑娘各个美的冒泡，嘿嘿...俺也想娶。”\r\n“有志气，喜欢哪个咱就娶哪个，再说，娶一个哪里够，少说也得两个。”\r\n他领着这群农民小弟逆袭在这片灯红酒绿的','',104,'admin','2020-05-15 17:15:21','2020-05-15 17:15:21','admin'),(39,0,1200,1,2,'','60036284','绝对任务',4,'轻松 小白文 YY 合租 低调 霸道 彪悍 嚣张 暧昧','http://reading.zealon.cn/60036284.jpg','将牛','因为一张卡片，尹天成为一名武修者，承接各种离奇任务，暗杀、打怪、泡妞……凭借超强实力创立尹天居。\r\n这里是男人的天堂，美女、美酒、赌城等，让男人朝思暮想。\r\n这里是女人的天堂，帅男、红酒、名品等，让女人魂牵梦绕。\r\n米国算个鸟？老子胸口挡子弹！岛国算个求？到这里就是炮灰！\r\n商场左右逢源，情场美女环绕，左搂清纯学生妹，右抱风骚小魔女。\r\n来吧！你也是“尹天居”的一员，一起YY无极限！激情无下限！\r\n千人书友群：，进群报故事主角名\r\n*腾讯微博*：','',35,'admin','2020-05-15 17:15:39','2020-05-15 17:15:39','admin'),(40,0,1200,1,3,'','60347780','混世小至尊',4,'校园 地下 帮会 热血 美女 兄弟 漂泊扇子','http://reading.zealon.cn/60347780.jpg','壹目','一声兄弟，一生情谊...\r\n一次牵手，一生不弃...\r\n自小被地下帮会老大收养的许东，在18岁那年得到了自己养父给自己的第一个任务：读大学，去寻找中国地下社会权力的象征——黑木权杖的下落。\r\n自此，许东开始了自己传奇的经历：\r\n因为自己脖颈上的吊坠儿，他是校园内美女追逐、帅男嫉妒的校园超人；\r\n因为自己不凡的气质和为兄弟洒热血的情谊，他身边聚集起了一群可靠的兄弟...\r\n美女会嫌多吗？兄弟会嫌不够用吗？许东的人生，不管遭遇到背叛、抛弃','',60,'admin','2020-05-15 17:15:49','2020-05-15 17:15:49','admin'),(41,0,2400,2,3,'','3001818436','复仇天后',4,'因爱生恨 痴情虐恋','http://reading.zealon.cn/3001818436.jpg','安亦晨','21岁，地位，金钱，名誉，爱情全部都拥有，然而一夜之间，她被昔日好友陷害，曾口口声声说爱自己的男人也背叛了她，所有的幸福化为泡沫。\r\n4年后，她改变了自己所有的一切，容貌，年龄，名字全部更新，当重新来到这所城市，她丢失了曾经那颗纯朴的心灵。\r\n为了复仇，她接近天宇娱乐集团继承人，却日久生情，她发现自己渐渐的爱上了他，经过内心的纠结，她决定放弃复仇先前的计划，想守护那段新的感情，可是天意弄人，天宇公司财务发生问题，为了利益，她再一次被伤害。\r\n她明白世界之中，除了自己，谁都不能信任！\r\n之后她的目的只有一个','',20,'admin','2020-05-15 17:15:52','2020-05-15 17:15:52','admin'),(42,0,2300,2,3,'','236361','帅老公，牵回家',3,'老公,美男,言情','http://reading.zealon.cn/236361.jpg','kired','陆幽幽知道自己不聪明，可是却不服输，什么都想要争强好胜一下。可是最后得到的结果却是什么都没有。而且被人给数落一通。所以后来的陆幽幽得出了结论，那就是，不要把自己既看的太重要。那样会很轻易的就成为别人的笑柄。','',81,'admin','2020-05-15 17:16:15','2020-05-15 17:16:15','admin'),(43,0,1200,1,3,'','291659','贴身保镖',3,'美女总裁,诱惑,保镖,明争暗夺,YY,都市','http://reading.zealon.cn/291659.jpg','冬至','穷山沟出来的退役军人，带着病重的未婚妻来到上海求医治病。现实的残酷让他走投无路，几经波折应聘成了美女总裁的贴身保镖。美女老总，大明星，还有青梅竹马未婚妻，三个女人一台戏，一场情感纠葛拉开帷幕。亲情，爱情抑或同情？就在他不知如何选择时，阴谋悄然而至','',88,'admin','2020-05-15 17:16:19','2020-05-15 17:16:19','admin'),(44,0,2400,2,3,'','279384','邪魅总裁追娇妻',3,'总裁,娇妻,宝宝,邪魅,老公,现言','http://reading.zealon.cn/279384.jpg','夜晓淡','三年前我始终没有追上飞机留下他，本来以为经过三年我终于可以忘记他而与籽轩步入结婚的殿堂，我才知道在三年我的摇摆不定里我与籽轩的心已经越来越远，我选择了和籽轩分手，他终于回来了，不知是因为酒后乱性还是依然爱他，但是我选择了离开，七年后我带着一个可爱的儿子出现在他的订婚现场，我本以为我们之间完了，谁知一切都是他要找到我的圈套，我林伊夕可不是那么简单投降的人，你要追我还要加加油……\r\n读者群，通行证作品任何主人翁的名字。谢谢支持啊','',42,'admin','2020-05-15 17:16:19','2020-05-15 17:16:19','admin'),(45,0,1200,1,3,'','222719','很狂很嚣张',4,'言情,校园,生活,兄弟,商场,娱乐圈','http://reading.zealon.cn/222719.jpg','76最后风度','这是发生在一个普通大一新生晓枫身上的故事，从晓枫大一开学，到认识几个一辈子的兄弟。从一个自认清高的少年，到经历两段刻骨的感情。从学校的青春年少，到社会的热血无情。三年之约很傻很天真，我们的爱很狂很嚣张。','',85,'admin','2020-05-15 17:16:35','2020-05-15 17:16:35','admin'),(46,0,1400,1,3,'','60348379','诛天噬道',4,'风尘何处邀请驻站','http://reading.zealon.cn/60348379.jpg','被风吹落的优雅','来历神秘的秦凡，无意中得到三清烙印。纵横三界，解密上古秘辛！仙道神道纲常颠倒，诸神的真面目竟然是天道下的棋子。上古诸圣回归，掀起一场腥风血雨。道之为何？仙之为何？天道不公，当诛！重塑大道，还世间朗朗乾坤！一生为何？为情、为义、只为心中的那一份执着。','',107,'admin','2020-05-15 17:16:55','2020-05-15 17:16:55','admin'),(47,0,1200,1,3,'','3001818441','极品学员',4,'学生 美女 猥琐 格斗 老师 爱情 江湖 搞笑','http://reading.zealon.cn/3001818441.jpg','六月十六','第一次写长篇，选择了都市小说，选择了校园，也算是一次尝试了，还是感谢大家的支持。\r\n　　无奈现在是真的太TJ了，对各位说一声抱歉，实在对不起。由于书渐渐沉了，毫无起色，更重要的是家人的不理解，不支持，我坚持了几天，是在没有任何的动力了，大家可以看出四十章前后的这些个章节写的很烂，说是凑字数也不为过。\r\n　　或许我还会再次拿起手中的笔，但是现在的我真的是没有一点信心和动力了，在这里说一声抱歉，对不起各位支持我的书友，但是也请你们能体谅我，一个新写手苦苦支撑的动力没有了。','',13,'admin','2020-05-15 17:16:57','2020-05-15 17:16:57','admin'),(48,0,1100,1,2,'','3017387255','皇临乾坤',4,'热血 扮猪吃虎 爽文 升级 煜棋邀请驻站','http://reading.zealon.cn/3017387255.jpg','落汤鸡蛋','有一个大陆，叫作御雪大陆；有一个职业，叫作玄者。\r\n一场杀戮，却给一个平凡的家族少年带来了一个绝佳的机遇。\r\n师从修罗子，从此入玄界。\r\n待我归来之日，正是功成名就时！\r\n我命由我不由天！看家族废少如何逆袭，\r\n站至世界巅峰！\r\n《皇临乾坤》读者交流群：','',22,'admin','2020-05-15 17:19:08','2020-05-15 17:19:08','admin'),(49,0,1100,1,2,'','60034944','与魔共舞',3,'热血 传统 轻小说 代号睡魔邀请驻站','http://reading.zealon.cn/60034944.jpg','安宅','一个身世神秘的少年乞丐，从父母留下的软石中得到了绝世神功之后，就开始了他精彩的异世武林之旅！然而麻烦接踵而来，得罪了小人也就罢了，为何还有不明身份的人死命追杀？我那不知身在何处的父母，又究竟是何人物？心中的女神遭遇不测，怎能不舍命相救？魔族入侵，毁我家园，身为神功的继承者，怎能不扛起反抗的大旗？如此苦逼的生活，让我这小小的乞丐情何以堪！老天啊！你什么时候才能消停？','',21,'admin','2020-05-15 17:19:12','2020-05-15 17:19:12','admin'),(50,0,1400,1,3,'','60036143','鸿蒙仙王',3,'混沌 仙王 鸿蒙 大帝 至尊 无敌 林风','http://reading.zealon.cn/60036143.jpg','子夜天明','天才相师因传承意外被传送到一个修炼大陆，而他的体质在这里却被称为废体，同样也被修炼者称之为延续寿命的良药，在阴谋与厮杀中成长，在生死中体悟道的真谛，开创自己的无敌大道，成为九天十地的主宰。\r\n修炼等级分为：星海道土通天仙婴化虚\r\n本书暂时停更，全力更新《特种高手》还请大家见谅','',4,'admin','2020-05-15 17:19:19','2020-05-15 17:19:19','admin'),(51,0,1400,1,3,'','60036260','三界之子',3,'磨砺,强势,奇遇','http://reading.zealon.cn/60036260.jpg','淮枫','机缘巧合下，平凡、贫穷的俗世少年得到了修真界人人为之动容的绝世之宝。从此，这位少年在修真一途中，历经无数坎坷、生死考验、千难万险，终于成就了一番大业，站在了人界、仙界、神界的巅峰。\r\n谢谢读者您的大力支持与鼓励！！！','',184,'admin','2020-05-15 17:19:24','2020-05-15 17:19:24','admin'),(52,0,1400,1,3,'','60034893','屌丝修真记',4,'屌丝修真记  屌丝  芸芸 修者 陈一生 修真 玄幻 异界','http://reading.zealon.cn/60034893.jpg','爱吃葡萄','《屌丝修真记》终于完本了，我觉得成绩不好一半是名字没起好，一半是写的没经验，下一本就会好很多啦，请朋友们关注我的下一本书《浮沉仙路》\r\n欢迎围观哦！\r\nQQ：\r\n书友群：','',62,'admin','2020-05-15 17:19:26','2020-05-15 17:19:26','admin'),(53,0,1100,1,3,'','60348746','天骄武祖',3,'武祖,天骄,情仇','http://reading.zealon.cn/60348746.jpg','中华一棵松',' 江湖风云诡谲多变，少年马清风突遭飞来横祸，一代书香门第惨遭灭门。为报血海深仇，少年行走江湖，得武圣秘籍，身边众美环绕，奇遇连连，报血仇，破苍穹，终达武道极致。拳打仙界盖世仙，腿扫魔界混世魔。纵横各界无人敌，世人尊称武祖。','',111,'admin','2020-05-15 17:19:29','2020-05-15 17:19:29','admin'),(54,0,1100,1,3,'','60348630','武魂',4,'玄幻,修真,武修,升级,夺宝,激战','http://reading.zealon.cn/60348630.jpg','枫落忆痕','少年萧凡融圣邪力量于一身，肉身不朽，神通绝世，以虚武之魂横推同代，展无上神姿，镇压万古诸天。','',288,'admin','2020-05-15 17:19:36','2020-05-15 17:19:36','admin'),(55,0,2100,2,2,'','60348768','倾城女官',4,'助理萤飞','http://reading.zealon.cn/60348768.jpg','暮雨婴','一次伤害一次穿越重生却还是遇到疼痛\r\n相识相知相惜相恋是否还是躲不过相离的结局\r\n想他念他怨他恨他\r\n一次次的转身一次次的落寞\r\n荣耀背后的孤冷渲染着过往美好的回忆\r\n我们是否还能再见\r\n记忆里两颗心依然守候着奇迹\r\n等待值得吗？\r\n【进来的亲们，麻烦多支持支持！鲜花、票票随意！收藏还是可以有滴！(*^__^*)嘻嘻……】','',24,'admin','2020-05-15 17:19:48','2020-05-15 17:19:48','admin'),(56,0,2200,2,2,'','3001823403','龙妃宠上瘾',3,'呆子 腹黑 霸道 刁蛮 玄幻  修仙','http://reading.zealon.cn/3001823403.jpg','月雅雨','想她叶凡还真的时运不济，\r\n去海边吹吹风都会落得穿越时空。\r\n在自己昏迷的时候还迷迷糊糊的嫁人，\r\n想她可是一个清清白白的大闺女呀！\r\n日后要她怎么去嫁人呀！\r\n而且听闻她的夫君还是一个身份高贵的.......哑巴？\r\n看着帅气得小呆做过来，她真的有够后悔自己迷迷糊糊的出嫁了！\r\n为了不让自己动心，她只好对着一面情深的小呆说：【对不起，我已经嫁为人妻了，请走开！】\r\n看文注意事项：\r\n*此文为穿越修仙。（男的','',19,'admin','2020-05-15 17:19:54','2020-05-15 17:19:54','admin'),(57,0,1100,1,3,'','60348726','凝火世界',4,'玄幻 战争 法术 魔鬼 精彩好看','http://reading.zealon.cn/60348726.jpg','封不易','《九天玄境》第一人称玄幻小说，请多多支持！','',59,'admin','2020-05-15 17:20:04','2020-05-15 17:20:04','admin'),(58,0,1200,1,3,'','60480642','极品富二代',4,'赵纯良  老施  扮猪吃老虎 爆笑','http://reading.zealon.cn/60480642.jpg','老施','九死一生回到都市的赵纯良，还没来得及享受美好的人生，就意外的接到了来自家里的任务。为了能够顺利完成任务，赵纯良化身化妆品公司小保安队长。本以为轻松的任务，却没想到牵扯出了莫大的阴谋。且看保安队长赵纯良如何横行于美女如云的化妆品公司，如何从一个小小的保安队长，成长为商界大亨，乃至纵横世界的绝世枭雄。','',714,'admin','2020-05-15 17:20:15','2020-05-15 17:20:15','admin'),(59,0,1500,1,3,'','60480633','霸统天下',4,'秋境 架空 穿越 武技 建功 统一 公子 17k编辑部','http://reading.zealon.cn/60480633.jpg','迟到公子','这个世界，风云际会，战争一触即发。21世纪的只想要过上泡妞、吃饭睡觉打豆豆生活的夏晚意一梦醒来，竟然发现自己穿越重生了！\r\n这里，竟是唐朝覆灭两百年后的异世古代！在没有后世史料供他逢凶化吉的世界里，且看他是如何横扫各路美女，各路BOSS，扒开历史迷雾，力挽狂澜，成为一代霸主的！\r\n******\r\n本书已经完本，各位放心宰！同时欢迎给位加入公子的书友群：。','',86,'admin','2020-05-15 17:20:23','2020-05-15 17:20:23','admin'),(60,0,2300,2,3,'','165171','笨笨女的专属王子',4,'司明海 腹黑 虐 终成眷属','http://reading.zealon.cn/165171.jpg','花开早','命中注定，百转千回后，仍牵心于你。\r\n一直以为我的爱情，是自己善良的回报。\r\n真正懂他的时候，才知道用心良苦的不止我一个人。\r\n他从来都让我惊讶和心疼，无论我们如何相处。\r\n在这场爱情角逐里，我一直是唯一的主角，他，从来就有改变命运的能力。\r\n胆小懦弱循规蹈矩的我，注定要为他绽放生命的光彩，他是我的奇迹，能让我勇敢面对和相信，世界上也会有一见钟情。\r\n也许天生注定遇上他，开始一场他追我逃的天才与傻瓜的动人故事。','',46,'admin','2020-05-15 17:23:25','2020-05-15 17:23:25','admin'),(61,0,1100,1,3,'','160458','擎天一柱',3,'叶孤星 擎天','http://reading.zealon.cn/160458.jpg','月言','那一剑，看似平淡无奇，却让叶孤星有生以来第一次感觉到无力，因无力而恐惧。\r\n闪电一般的速度，海啸一般的能量，那一剑携带着摧毁一切的气势朝叶孤星刺了过来，划破空气，发出刺耳的尖啸声。\r\n叶孤星本能的躲闪，却发现身体已经无法挪动，大惊之下，下意识的举手格挡，一阵疼痛传来，眼前一黑，世界便陷入了虚无之中。\r\n那种感觉，犹如漂浮在茫茫的大海之上——竟然还有意识！\r\n我还活着？第一个问题。\r\n这是哪儿？第二个问题\r\n------------\r\n诗云：\r\n飘渺人生多坎坷，笑骂挥洒皆由我。\r\n万难阻路一笑之，擎天而立成','',24,'admin','2020-05-15 17:23:35','2020-05-15 17:23:35','admin'),(62,0,1100,1,3,'','322538','至尊侍卫',4,'天云剑 张杰 凌月公主 安妮 梅塔特隆立方体 肖冰倩','http://reading.zealon.cn/322538.jpg','吃鱼的老虎','张杰，一个普通的大学生，偶遇来自天云大陆的美女公主，一夜风流，传承异界神功，成为修真高手。\r\n平行宇宙，空间重叠，传说中天魔欲突破禁锢空间，再度复活。\r\n张杰毅然举起远古神器，天云剑，穿梭各个时空，与天魔门徒战斗，粉碎其阴谋诡计。\r\n各界中神秘力量，巫宗，魔宗，强大的量级武士，神级武士粉墨登场，是敌是友？亦敌亦友？\r\n性感妩媚的美女特工安妮，纯洁如画的肖冰倩都对张杰芳心暗许。\r\n男儿志在四方，利剑斩妖魔，却斩不断绵绵情丝。\r\n英雄难过美人关，\r\n美人如玉剑如虹！','',69,'admin','2020-05-15 17:23:48','2020-05-15 17:23:48','admin'),(63,0,1200,1,3,'','160473','烟雨重楼',4,'独孤灭天，烟雨江南，人途，云天空，尘缘，血红，狩魔手记，逆天者，破天道，Courage','http://reading.zealon.cn/160473.jpg','望月的小猪','凭什么，你们神仙就可以高高在上，掌控三界，要风得风，要雨得雨，我们人族却只能在天灾人祸间，苟延残喘，甚至自相残杀地生存着？\r\n遥想昔年，人族称雄天下，威震三界，称雄六道，上抗天庭，下衡九幽。昔年大神通者，拥有着何等震古烁今的大神通！\r\n而今，千万年过后，人族强者寥寥，飞升成仙，竟成凡间修真者毕生追求，现在的修真者，还有几个人记得，昔日祖先那赤手击杀仙神的无上威能？\r\n历史，究竟埋没了多少神话，多少传奇？\r\n人族的复兴，天道的真相，将由一个默默无名的少年揭开，试看，以独孤为姓','',43,'admin','2020-05-15 17:23:56','2020-05-15 17:23:56','admin'),(64,0,1200,1,3,'','120928','那些女孩教我的事',3,'情感，校园，搞笑，时尚，前卫，新潮','http://reading.zealon.cn/120928.jpg','尹文','记忆的胶片不曾模糊，酸酸甜甜的感觉依旧清楚的可以感觉得到。\r\n记得在刚入学不久的一节课上，我在桌子上发现一行奇怪的文字,后来我又发现征友、征婚、甚至还有征一夜情的广告，我真是愕然万分，这真是学生写在上面的吗！后来我知道这些大都是恶作剧，但是也可以说明现今这种教育体制好像缺点很多,造就不少半个流氓出来.\r\n流氓大家都知道吧，就是指那些放刁、懒散、施展下流手段等恶劣行为的人。但在这里我说的半个流氓是指那些无所事事毫无目标的活着，因为无聊会干出更加无聊的事来，没事却总想找点事来做，但基本上都不是什么好事的人。','',7,'admin','2020-05-15 17:24:06','2020-05-15 17:24:06','admin'),(65,0,2500,2,3,'','355025','Kiss终极恶男团',4,'校园,冤家路窄,贵族,校草,轻松小白,美男','http://reading.zealon.cn/355025.jpg','白芷木铃','她怒斥：你要是敢再欺负我，我就把你的电话号码写在小巷子的墙上，再写上办证！\r\n他冷笑：你要是敢这么做，我就把你的电话号码写在男厕所的墙上，再落款征婚！\r\n*******\r\n为了生计，她不得已进入蔷薇庄园做管家，没想到她竟遇见了夺走她的初吻的恶男，而且还是伺候包括他在内的几只极其腹黑奸诈的恶魔。\r\n每天以欺负她为乐不说，还时不时来个落井下石，害得她再也没有宁日！\r\n而在与这几只恶魔的斗智斗勇中，她却发现自己的心已经有些不听使唤了，而当她终于正视自己的感情时，却发现了一个令人震惊的事实……\r\n命运该如何进展？','',25,'admin','2020-05-15 17:24:12','2020-05-15 17:24:12','admin'),(66,0,1100,1,3,'','121443','炎黄武者异界纵横',4,'异世 炎黄城 天辰 中原武功','http://reading.zealon.cn/121443.jpg','凡人无畏','偶遇神龙，因博得神龙的喜爱，竟被发往魔武大陆，后成功加入逍遥派，靠着一身霸绝天下的武艺，他在异世大陆混的是风生水起，和兄弟们一起纵横天下，笑傲群雄！\n“头……头好痛。\"李天感觉自己的脑袋就要裂开了， “只是睡一觉怎么头\n这么痛，龙！ ！ ！ ”李天猛的想到自己好像见到了龙。“不会是做梦吧，”李天\n自言自语的说，“梦到龙难不成我要做皇帝。不对……这……这是……”李天猛\n的看到自己手指上的戒指大吃一惊，这不正是敖放送给自己的储物戒指吗，原来\n刖才一切都是真的，这里是哪？','',56,'admin','2020-05-15 17:24:16','2020-05-15 17:24:16','admin'),(67,0,2500,2,3,'','234245','坏哥哥【征文】',4,'青春,成长,早恋','http://reading.zealon.cn/234245.jpg','桔子','《坏哥哥》　作者：桔子\r\n陆浩是个又帅又坏的男孩，爱过他的女孩都叫他坏哥哥。他的言谈举止里透着慢不经心的野性。他始终相信一个人是能够同时爱上好几个女人的。他对待每次爱情都像初恋，又对每次爱情都缺乏责任。因此他的每次爱情都注定成了悲剧。在一个寂寞的午夜，苏小蝶把她的初吻献给了陆浩，于是一场纠缠不清的痛苦爱情开始了……\r\n艳遇早恋　给你一个轻松的阅读空间。','',32,'admin','2020-05-15 17:24:27','2020-05-15 17:24:27','admin'),(68,0,2100,2,3,'','310104','这个皇妃有点坏',3,'架空穿越 竹小凉 言情 搞笑 恋爱小猫','http://reading.zealon.cn/310104.jpg','恋爱小猫','她只不过是个被大多数人唾弃的小偷而已，就算再风光，小偷始终是个不光彩的选择，她认命了，谁叫她从小就是生活在神偷世家……结果，一次时空的交叉给了她重世做人的机会，遇见高高在上的他，做他的妃子同样不是她的选择——但最后，她感谢上天，感谢上天给了她这个美丽的错误，让人生变得精彩绝伦……','',14,'admin','2020-05-15 17:24:30','2020-05-15 17:24:30','admin'),(69,0,1300,1,3,'','348391','至尊剑圣',4,'不死邪剑 战争 天使 主神 斗气 魔法 帝王','http://reading.zealon.cn/348391.jpg','优雅的窝瓜','顶尖特种兵林寒在执行暗杀任务的时候阴差阳错穿越到了异界，经过黑暗主神的考验后成为了其弟子。携带着黑暗主神的魔宠小白，主神器不死邪剑以及神级功法林寒打开了一扇全新的大门。\r\n秉承着天道为公、人性为大的原则，林寒在异界各国中站稳脚跟后向以造福苍生为借口实则想要将人类踩在脚下的光明主神派系发起挑战。\r\n看中国特种兵如何在异界斩天使，杀神王尽在《至尊剑圣》\r\n强推的好书《无上霸体》','',45,'admin','2020-05-15 17:24:43','2020-05-15 17:24:43','admin'),(70,0,2100,2,3,'','165263','妖娆红颜亦倾城',3,'新阴推荐 穿越 美女 骑士道 无敌','http://reading.zealon.cn/165263.jpg','海芸','“罗宾我是妮可，我找到穿越的正确方法了。”罗宾觉得很恼火，这个MM整个儿就一脑残，穿越小说和电影看多了，整天就只想着穿越，上次不知道听谁说的跳崖可以穿越，她真的跑去跳了，不过还好，罗宾他们在她跳崖之前已经在暗地里做好了安全措施，她才没死！这次她居然还没有吸取教训，不知道她又想到了什么穿越方法！唉……这穿越小说真不是一般的害人啊！罗宾回复了一句：你要穿越就滚远点，咱就不能安安静静的过日子吗？','',27,'admin','2020-05-15 17:24:57','2020-05-15 17:24:57','admin'),(71,0,1100,1,3,'','60348725','重生月老',4,'重生 月老 科技 仙侠','http://reading.zealon.cn/60348725.jpg','化玄','缕缕尘梦，月老谈魂；笑说姻缘，血衣浮沉。\r\n红线绕指，敢言生死；天地不从，欲破苍穹。\r\n落雁浮水，佳人点容；灿灿星河，日月转轮。\r\n东西相合，乾坤颤动；剑锋所指，谁敢不从。\r\n月下老人的争霸之路，姻缘之外的爱恨情仇。\r\n仙侠与科技的大碰撞！非逐步变强传统剧情！','',21,'admin','2020-05-15 17:27:38','2020-05-15 17:27:38','admin'),(72,0,1100,1,2,'','60348767','大荒经',3,'大荒传 萧铁 武侠 精神宫','http://reading.zealon.cn/60348767.jpg','小恋无敌','天生王者应龙，为爱追随女魃死去，两人化为神剑，\r\n世间珍宝大荒经，众人争夺，得它者便天下无敌，\r\n主角萧铁，从小练习打铁，虽无武功却力大无穷，\r\n他独闯江湖，途中英雄救美，被打成重伤，\r\n因祸得福，他寻到烛火之龙，竟得精神宫，\r\n拜师明月，勤奋修炼，只为成为王者至尊。\r\n\r\n\r\n\r\n\r\n等级层次：武者、后天、先天、灵动、极致.\r\n精神宫层次：魂师、大魂师、巅峰魂师、灵动魂师、极致魂师','',13,'admin','2020-05-15 17:27:55','2020-05-15 17:27:55','admin'),(73,0,2200,2,3,'','60348710','仙魔奇缘之一叶情',4,'虐情  挚爱','http://reading.zealon.cn/60348710.jpg','月若皎洁','千年前的一场大战，心爱的女子香消玉殒，魂飞魄散，千年后的死亡沙漠，却惊现了一个一模一样的女子，他真的遇到心爱之人了吗……\r\n千年的等候，他等的那个人，终究有没有出现呢……\r\n[新浪微博关注：月若皎洁]','',33,'admin','2020-05-15 17:28:17','2020-05-15 17:28:17','admin'),(74,0,1300,1,3,'','3001823421','异界之魂灭战天',4,'重生 杠上桦邀请驻站','http://reading.zealon.cn/3001823421.jpg','白神太阳','重生上世则如梦，今日重头战苍穹。最强的满灵魂潜力祝我踏上巅峰路。\r\n提示：本书要走的是主玄幻，次游戏路线。不喜请包容，在此致谢。\r\n本书非常突兀的扑街了...2013年9月28号16:11分','',33,'admin','2020-05-15 17:28:36','2020-05-15 17:28:36','admin'),(75,0,1400,1,3,'','60348628','绝剑谷',4,'六道 七剑 天人 天极','http://reading.zealon.cn/60348628.jpg','紫枫依旧','他是被制造出来的谷主，身旁亲情不断，却无意中打破了规则。\r\n原来，这是天人联合八大古神设立的一场游戏。\r\n惊讶?痛恨?没有用的，还是遵循被打破的规则走下去吧，只是……\r\n“为什么死的不是我？”\r\n“只为情故……”','',229,'admin','2020-05-15 17:28:54','2020-05-15 17:28:54','admin'),(76,0,2100,2,3,'','3001818425','一只郡马出房来',3,'腹黑男主  元气男配  女帝  灭门诛族','http://reading.zealon.cn/3001818425.jpg','清若七','姑娘我一朝从岛主接班人变成别人的贴身侍婢，身价暴跌。\r\n感怀不遇的当口，发现不共戴天的仇人腹黑少爷，竟莫名成了自家郡马。\r\n一笑便勾魂夺魄的他像罂粟像鸩酒，媚色入骨，丝丝淬毒。\r\n他说他还爱她，连大夏将军他也不放在眼里。\r\n他让她知晓世间情欲，连嫡妻都不过是一纸婚约。\r\n前有准郡马爷的围追堵截，后有大夏神勇将军的穷追不舍。\r\n一个是把你吃光抹净还神不知鬼不觉的极品腹黑。\r\n一个是不顾皇令要与你山盟海誓的阳光帅哥。\r\n美色当头，权势遮天，可姑娘我，偏偏喜欢的是自家小少爷。\r\n“陆景候，你设了这样温柔的迷局来','',44,'admin','2020-05-15 17:29:10','2020-05-15 17:29:10','admin'),(77,0,1400,1,3,'','3001818673','朗耀诸天',4,'热血 扮猪吃老虎 爽文 逆天 升级','http://reading.zealon.cn/3001818673.jpg','太平辰','谁也没有想到，年久失修的祭祀殿里面，藏着怎样的秘密，\r\n一个父母双亡，任人欺辱的少年，因为一次奇遇，命运彻底改变。\r\n破天剑入体，让他散去真元，以肉身成圣。\r\n而弑龙剑的认主，让他在修真路上越走越远。\r\n获功法，助兄弟，踩仇人，种灵药，获机缘，\r\n不一样的机缘，不一样的命运，\r\n且看废材少年，如何成为强者，朗耀诸天……\r\n------------------------------------------------------------\r\n新人之难，难于成仙！\r\n请各位走过路过的大大，支持小辰，祝您一','',64,'admin','2020-05-15 17:29:12','2020-05-15 17:29:12','admin'),(78,0,1500,1,3,'','60348707','大明门之锦衣三少',3,'锦衣卫   蓝熙书   大明门','http://reading.zealon.cn/60348707.jpg','桥那',' 在人生最重要的转角，蓝熙书被命运摆布，步步为营，叛逆的他却不得不与老头选择同一个明君，并义无反顾的陪老头走下去，一个至爱千辛万苦，一些兄弟一路跌宕，暗潮汹涌的永乐末年，看锦衣三少怎样执掌风云，力挽狂澜浴血大明门。','',115,'admin','2020-05-15 17:29:26','2020-05-15 17:29:26','admin'),(79,0,2100,2,3,'','60348888','帝君宠：庶不为后',3,'秋境 后宫 穿越 皇后','http://reading.zealon.cn/60348888.jpg','梅诗雅','她莫名穿越不明朝代，附身九五之尊挚爱女人身上，集万千宠爱为一身，独占后宫风采，引来不少忌恨，一度遭遇迫害，却一直退步，仰着他的爱和另一个男人默默的守护，在险恶的后宫化险为夷，\r\n但是，一夕之间，他对她忽然变得的冷漠，无情，甚至残暴，被软禁，被陷害，他却始终视如无睹，让她慢慢绝望。\r\n种种事端的发生，她失去他们腹中胎儿，陷入邻国太子府上，几次三番处于垂死边缘，\r\n遭遇奸人迫害，他失了帝位，\r\n当所有人都以为他死了，他却在她最为难的时候，出现在她身边，，，，，\r\n简介无能啊，亲们还是看文吧，后面绝对有料。','',32,'admin','2020-05-15 17:29:36','2020-05-15 17:29:36','admin'),(80,0,2300,2,3,'','3001815938','老婆 别动为夫的剑',3,'代号睡魔邀请驻站     天之骄子 豪门世家 两情相悦','http://reading.zealon.cn/3001815938.jpg','一衔米','四年后再次回国，跟着几个小贼误入深山，石棺中惊现美人，美人一双潋滟眼欲语含羞的看着她，她便被勾了魂，背着美人下山。后来告别美人，却倒霉的闯入杀人现场，屏着良心报了警，哪知那警察竟是四年前的旧情人。\r\n本想来一个前缘再续，哪知旧情人居然要结婚了，未婚妻还找上了门，她避之不及，却不想美人居然拿着她的身份证在警局里说要找丢失的妻子！哎，旧爱新欢，这次第，怎一个乱字了得。','',19,'admin','2020-05-15 17:29:40','2020-05-15 17:29:40','admin'),(81,0,1400,1,2,'','60348711','无刃剑',3,'剑侠,武侠,冒险','http://reading.zealon.cn/60348711.jpg','叶猊','中土之上，南北割据总有时候，边境战火，朝纲积弱。就是这般的时候，江湖自然群雄崛起，各有功业。\r\n而在此间的江湖人，外家内家各有千秋，然而，不管其武功如何厉害，也只道是众生无相。红尘难免，羁绊不止，一式落于时代的漩涡中，爱恨情仇不由己，或功或过，谁能评判。\r\n故事正发生在南朝将灭，苟延残喘的时候。与国有功的百年论剑山庄一朝被灭，十数年后，江湖上再现了庄中失传的功夫，更有传言，当年庄主义子，化为‘无刃剑’侠客，携后人与南朝人复仇，而北朝更有铁骑踏边，这一片混乱的时世，少年江湖人该如何自处？\r\n这些人，有的背负','',57,'admin','2020-05-15 17:29:56','2020-05-15 17:29:56','admin'),(82,0,1100,1,2,'','60348651','神皇纪',4,'奇遇，无双，低调','http://reading.zealon.cn/60348651.jpg','洛神剑','三千修界，无尽轮回；\r\n煌煌九劫，永生之道。\r\n少年执上古神诀，逆乾坤，掌涅磐，历万般苦难，创不朽传说。\r\n待得风云再起，吾将立于诸天之巅，剑指天下！','',7,'admin','2020-05-15 17:30:12','2020-05-15 17:30:12','admin'),(83,0,2200,2,3,'','60348637','师父，请留步',3,'转世重生','http://reading.zealon.cn/60348637.jpg','懒人自扰','他是倾城之君，罪入凡尘。她得转世之身，为他而生。\r\n离离花错，她是他的徒，所以逆改天命，将他救回。\r\n痴情媚骨，他已不再是她的师，所以跪上天阶，从头再来。\r\n九万九千九百九十九级台阶，她跪的痛心伤骨；可那寒魄海水中的冰心一吻又令她情迷意乱，不能自拔。\r\n直到后来她酿成大祸，才终于看清事实，他们之间再回不到最初，她，成了天下的叛徒，断骨为凡。\r\n堕入魔界，枯静无物的璐瑶河边，罪魁祸首淡然一笑，“世态炎凉，何必善良。”\r\n/////////////////---------------------------','',20,'admin','2020-05-15 17:30:23','2020-05-15 17:30:23','admin'),(84,0,1200,1,2,'','60348727','校园纨绔公子',4,'肖凌峰，桃花坞，乾坤无极诀，尒语邀请驻站','http://reading.zealon.cn/60348727.jpg','独爱空白','被情所伤的他糊里糊涂进入了一个世外桃源，老者的传授，让他由弱变强、当有了实力，他发现玩弄世界是那么的简单。为了寻找老者留下的迷题？在成长的路上收获颇丰的商路，势力强横的黑势力，藐视官场的资本，庞大华丽的后宫。\r\n他的成就没有人可估量，他的传说都是经典。\r\n我本纨绔，怎奈凡人多俗事。\r\n校园纨绔公子，将纨绔进行到底、\r\n王者绝非偶然，平凡铸就经典！！！\r\n战龙会等待你的加入群号','',29,'admin','2020-05-15 17:32:23','2020-05-15 17:32:23','admin'),(85,0,1700,1,2,'','3001818437','那一年的篮球场',3,'篮球 青春 青春 初恋  贫僧八戒邀请驻站','http://reading.zealon.cn/3001818437.jpg','会飞的蝌蚪','罗可，一名普通的高中生；\r\n他们，一群可爱的篮球手；\r\n那年，一段难忘的悸动岁月；\r\n追忆，只属于青春的精彩…………','',9,'admin','2020-05-15 17:32:29','2020-05-15 17:32:29','admin'),(86,0,1100,1,2,'','3001817321','重生之潜龙传说',3,'时间少年邀请驻站  都市YY 激战 杀人夺宝 升级 修真 玄幻 异界征战','http://reading.zealon.cn/3001817321.jpg','终极酷人','异能体质，叱咤商界，纵横都市，\r\n残魂师父，传承功力，修真成神，\r\n\r\n神秘黑色轮盘，持虎啸架神龙，笑傲七界。\r\n充满未知大陆，仗剑闯荡四方，横扫异界。\r\n\r\n且看他如何横扫修真界，成就一代大帝……\r\n\r\n-------------------------------\r\n亲们，希望看完章节后花上几秒钟点击一下‘顶’‘踩’不花一分钱，还望多多支持！！右边栏目中签到，也希望可以点击下，有鲜花的送一朵吧！','',50,'admin','2020-05-15 17:32:43','2020-05-15 17:32:43','admin'),(87,0,1800,1,3,'','3017387289','死亡寝室',4,'校园 灵异 恐怖 悬疑 推理','http://reading.zealon.cn/3017387289.jpg','北极银狐','一座荒郊的医学院，一所神秘的女生寝室，314成为死亡寝室的代名词。杀人事件不断上演，恐怖的幻像，离奇诡异死亡方式，雾般的谜团，凄美的校园爱情，尽在笔墨间展开！下一个会轮到谁？','',8,'admin','2020-05-15 17:32:58','2020-05-15 17:32:58','admin'),(88,0,1100,1,1,'','3001823522','生生不灭',4,'爽文 热血 升级 法宝 英雄无敌','http://reading.zealon.cn/3001823522.jpg','狮子东','少年陈枫\n身怀绝世神器，修盖世魔功。　听着这些人的嘲笑陈枫眼中闪过一丝杀机，但是很好的掩饰了过去，从小开始流浪，陈枫已经见识了太多的人情冷暖、世态炎凉，等自己有了力量这些屈辱早晚都会还回去。\n看到陈枫没有反应，这些人说笑一阵就散开了，更重要的是这些修士根本就没有把陈枫放在眼中，整个铁剑门谁不知道陈枫就是一个废物，一个可以任人取笑的对象。\n嘎吱！','',1629,'admin','2020-05-15 17:33:11','2020-05-15 17:33:11','admin'),(89,0,1700,1,2,'','60034966','网游之奶爸无敌',4,'网游、斩龙、网游之天下无双、网游之傲视群雄、网游之王者无敌、热血、PK、YY、爽文','http://reading.zealon.cn/60034966.jpg','笑笑纷纭','没错，哥是一只奶爸，可哥绝对不是普通的奶爸！\r\n哥能跑能打能奶，暴力奶神马的最有爱了！\r\n做任务？一不小心就被全服通告，不是故意的有木有？\r\n泡美女？一不小心就遇到富二代，运气碉堡了有木有？\r\n无限任务，无限杀怪，无限风骚，\r\n即使是奶爸，也可以让敌人死的很有节奏！\r\n哥是奶爸中的战斗机，是网游中特立独行的存在，是所有人膜拜的神话！\r\n哥以奶爸的身份虐人没商量，泡妞不解释！\r\n==========================\r\n每天固定更新时间每晚11点！','',41,'admin','2020-05-15 17:33:38','2020-05-15 17:33:38','admin'),(90,0,1100,1,2,'','60348724','九灵神主',4,'升级打怪，从零开始 某人某浩邀请驻站','http://reading.zealon.cn/60348724.jpg','七里道人','自上古以来，为何从无一人突破到神主的境界？\r\n　　上古九大势力之一的钟家，为何突然没落？\r\n　　一本神秘功法；\r\n　　一个活了几千年的剑灵；\r\n　　一只不知道是什么种族的妖兽；\r\n　　伴随着一个十五岁的少年钟林，一步一步走上了那条只属于他的--成神之路!!!\r\n　　本书境界划分:人元境，地元境，天元境，蜕凡境，涅槃境，通神境，神主！！','',18,'admin','2020-05-15 17:33:49','2020-05-15 17:33:49','admin'),(91,0,1100,1,3,'','60036119','异界武侠修炼系统',4,'甜甜呼邀请驻站','http://reading.zealon.cn/60036119.jpg','天门一傻','主角意外的穿越到了异界大陆，手握穿越福利武侠修炼系统.\r\n“什么？你们为了争夺武学秘籍死了很多人？找我阿，我多的没地方放。”\r\n“什么？你们为了争夺绝世丹药死了很多人？找我阿，堆在我的仓库都发霉了。”\r\n“什么？你们为了绝世神器引得江湖混乱？找我阿，人手一件够不够？”\r\n且看猪脚手握强大系统，左手软妹子，右手挥舞着权利金杖，大呼“异界，我来了。”','',14,'admin','2020-05-15 17:33:58','2020-05-15 17:33:58','admin'),(92,0,1100,1,2,'','3001818426','我是除妖师',4,'除妖 浩劫 灵力 真理 代号睡魔邀请驻站','http://reading.zealon.cn/3001818426.jpg','坏坏的铅笔','什么？千年大妖解封，群妖乱舞？不怕，有哥在。\r\n什么？魔界侵蚀凡间，生灵涂炭？不怕，有哥在。\r\n什么？天界降临人世，灭世重生？不怕，有哥在！\r\n哥除的不止是妖，还有人、神、魔、鬼!哥泡的不止是人，还有神、魔、鬼、妖!\r\n不要羡慕哥，哥只是除妖师！\r\n在这个不再受神的保护，妖与魔失去约束的年代，人间的终极劫难将至，主人公少年时代便觉醒了不被允许存在的远古真理，他驱妖除魔守护人类的同时，却又遭到天下除妖师的追杀。\r\n哼！如果不是为了一众MM们，我李秋仁才懒得','',16,'admin','2020-05-15 17:34:12','2020-05-15 17:34:12','admin'),(93,0,2500,2,3,'','60348736','管教痞子校草',3,'双诗晨 章凡 纯情 管教','http://reading.zealon.cn/60348736.jpg','指尖的殇','“呼……”将手中的行李放下，她看着面前奶白色的别墅，嘴角再次抽搐了一下，爸爸妈妈居然把自己“卖”了？！\r\n　　第一次见面，怀着忐忑的心情走进别墅，只看到一个完美的侧脸和毫无温度的一个字：“滚。”让她一下子说不出话来，哭笑不得，唯一记住的却是那亮闪闪的耳钻，果然不能以貌取人！\r\n　　第二次见面，他气呼呼的问道：“你干嘛？”她静静的站在那，淡淡的一笑，“叫你起床而已。”\r\n　　第三次见面，他毫无疑问引起了一阵轰动，她疑惑的问：“你怎么会来？”他没好气地说：“不想我的机车被欺负。”\r\n　　这是寒晨青灵系列之二，','',30,'admin','2020-05-15 17:34:14','2020-05-15 17:34:14','admin'),(94,0,1700,1,2,'','60348639','电竞大明星',3,'DOTA 电子竞技 梦想','http://reading.zealon.cn/60348639.jpg','临风王子','电竞赛场风起云涌\r\nDOTA豪强群雄逐鹿\r\n这是一个关于梦想的故事也是一个关于DOTA的传奇\r\n平民少年的故事相信会引起大家心中的共鸣\r\n付出的努力幸运的机遇抒写的传奇成就的辉煌\r\n选择这本书你不会失望因为我也有着这个梦想\r\n你们呢！\r\n-------------------------------------------------------\r\n【签约作品保证完本再次希望大家点一下旁边的加入书架本人万分感谢】','',23,'admin','2020-05-15 17:34:21','2020-05-15 17:34:21','admin'),(95,0,1700,1,3,'','60036115','我是一个小炮兵',4,'炮兵','http://reading.zealon.cn/60036115.jpg','木头桃','亲！你玩过《炮兵》这款游戏吗？没有滴，在这里你将随着主角经历游戏的万般变化。 出生的村落，残酷争夺上古炮神的装备，还有五万元大奖。 壮美的天空之城演绎着友情、真情和爱情。踏平魔域，见证魔皇的残忍。圣战中现个人风姿。然后呢？据说是外星系…… 二十万奖金如何分配？精彩的内容在等着你哦！   ','',62,'admin','2020-05-15 17:34:29','2020-05-15 17:34:29','admin'),(96,0,1700,1,2,'','60036287','瓦罗兰英雄记',3,'夜筱诺邀请驻站 英雄联盟 正义 力量 信念 史诗','http://reading.zealon.cn/60036287.jpg','天才小胖','那些武艺超群、令人景仰的，被我们称作英雄\r\n以正义者自居的德玛西亚\r\n武力至上的诺克萨斯\r\n爱好和平的艾欧尼亚\r\n矮人的天堂班德尔城\r\n科学疯子的聚集地祖安\r\n美好城邦的典范皮尔特沃夫\r\n苦寒之地弗雷尔卓德\r\n海盗和冒险家的乐园比尔吉沃特\r\n就让天才小胖带你走进那段刻骨铭心的瓦罗兰英雄世界~','',24,'admin','2020-05-15 17:34:39','2020-05-15 17:34:39','admin'),(97,0,1700,1,3,'','306537','网游之极品房东',4,'网游,爽文,美女,极品,YY,暧昧','http://reading.zealon.cn/306537.jpg','能量猪','风流倜傥的华丽哥，巧计抢到游戏头盔，进入游戏成为高攻高幸运的隐藏种族，意气风发的他却迎来九个风情各异的美女房客，在现实中是同居，在游戏里是网友。一不小心进错浴室，华丽哥彻底拜服，成为美女们的贴身保镖。天网恢恢疏而不漏，在纯洁的人也会有堕落的一天。一个男人和房客们的战争，到底是高手寂寞还是左拥右抱？','',167,'admin','2020-05-15 17:34:45','2020-05-15 17:34:45','admin'),(98,0,1700,1,2,'','3001818429','网游之黑暗秩序者',3,'减益 召唤 美女 工作室 暗影军','http://reading.zealon.cn/3001818429.jpg','绿茶凝香','书将会整体修改','',16,'admin','2020-05-15 17:34:50','2020-05-15 17:34:50','admin'),(99,0,1500,1,2,'','60347791','三国大特工',3,'三国,特工,穿越','http://reading.zealon.cn/60347791.jpg','东一方','特工王磊回到三国，正逢群雄逐鹿之时！\r\n王侯将相，宁有种乎？\r\n王磊从一个小人物开始，步步为营，收谋士武将，娶娇妻美妾，率铁骑驱逐匈奴，与诸侯争霸三国。\r\n普天之下，唯我独尊！','',171,'admin','2020-05-15 17:35:08','2020-05-15 17:35:08','admin'),(100,0,1700,1,3,'','3001823536','军队系统',3,'塑梦工作室 黑暗 帝国 战争 血史','http://reading.zealon.cn/3001823536.jpg','烟熏味','小人物意外获得超能力，入网游，瞬息成为风云人物、\r\n然而天下并没有免费午餐，这能力不仅仅只给他带来荣耀，还有无尽的死亡阴影。\r\n天宇时代，人类进入星际时期，文明发展空前膨胀，与各种外星文明，因生存展开战争。\r\n而被死亡阴影笼罩的他被征召进入人族一个神秘武器，由死化生，然而却发生了一场意外、\r\n军队系统群号：【本书慢热，不喜慎入】\r\n=====================================\r\n全新概念类，可以说不算是网游，剧情很诡异，希望大家喜欢。','',137,'admin','2020-05-15 17:35:21','2020-05-15 17:35:21','admin'),(101,0,1700,1,3,'','3017387280','网游之万木争春',4,'万木争春 百花斗艳','http://reading.zealon.cn/3017387280.jpg','神罚少年','刘国齐进入【弑神】，属性无能装备垃圾。\r\n好不容易升级了，却又因为任务失败，等级归零。\r\n本身属性差、npc不爱的他怒吼道：\r\n老子要逆天！！！！！','',27,'admin','2020-05-15 17:35:34','2020-05-15 17:35:34','admin'),(102,0,1700,1,3,'','60034900','网游之王者恨天',4,'网游,法神,战争,骑士,法师,战斗','http://reading.zealon.cn/60034900.jpg','醉卧花间','沙漠，沼泽，深渊，地下城......宏大的西方魔幻场景。\r\n拯救，复仇，引领，传承......荡气回肠的主线剧情任务。\r\n弓手，法师，贤者，大剑师......平衡完善的玩家职业体系。\r\n迷雾行者，疾风行者，流浪法师，战争骑士......史诗一般的英雄人物谱写一段又一段的神话。\r\n绝对难度的玩家间对抗，高手之间的纷争，在无尽的战火中，书写着一个又一个的传奇故事。\r\n瑰丽的西幻史诗网游期待你的加入，和作者一起探索那充满神秘色彩的未知世界。\r\n看主角如何一步步金钱妹子大丰收，看主角如何一步步登上神的王座','',90,'admin','2020-05-15 17:35:43','2020-05-15 17:35:43','admin'),(103,0,1300,1,3,'','3001823418','傲视红莲',3,'佣兵 魔法 斗气','http://reading.zealon.cn/3001823418.jpg','宁堂主','在这个充满了奇幻色彩的魔法世界，身怀异能的他从另一个世界穿越到了这里。\r\n为了寻找佣兵之王口中说的宝藏，他成为一名佣兵。\r\n在寻找宝藏的过程中，他结识了一群思想特异的伙伴。\r\n一位是卑微低贱地位低下的兽人少年。\r\n一位是嗜钱如命，武技强悍的贵族子弟。\r\n一位是美艳动人的妖媚盗贼美女。\r\n一位是专注于美食的精灵美少年。\r\n异能，魔法，武技，他们之间珍贵的友谊，能否让曾经遭遇过背叛的他重新找回那一份心底最渴望的感情。\r\n且红莲佣兵团如何找到佣兵之王的宝藏，如何拯救这个世界，如何谱写下一段不朽的传奇。','',60,'admin','2020-05-15 17:37:25','2020-05-15 17:37:25','admin'),(104,0,2100,2,3,'','60036128','帝女有毒',4,'虐恋 女强  倾国 慢热','http://reading.zealon.cn/60036128.jpg','殳漠','爱美之心，人皆有之，禽兽乱世之下，美色，诚如杀人不见血的利刃。\r\n她一生叱咤沙场，毕生所愿马革裹尸，衣锦还乡，在战场上，敌人见其英姿勇猛，令人心惊胆寒，予她美名“杀神”沈汐。\r\n命运的轨迹悄然偏离她的预设，在最错误的时间遇上了惺惺相惜的人，怎知良人步步为营让她泥足深陷不能自已，曾许诺永不刀剑相向终究成了一场笑话。\r\n饮下忘川之水，她忘记良人因此保命，三年后的她，是会重蹈覆辙，还是浴火重生，做回当年杀伐果决的杀神？*******************************************','',49,'admin','2020-05-15 17:37:27','2020-05-15 17:37:27','admin'),(105,0,1200,1,3,'','3001823546','同桌的你',3,'校花控 秦书梦叶 同桌校花女王 同桌恋人 超级大坦克科比 我的26岁女房客 我的极品女友们 一个屌丝的成长史 跟二哥一起疯狂 千年老二','http://reading.zealon.cn/3001823546.jpg','秦书梦叶','我后来才发现，从她变成我的同桌的那一刻起，我的人生便与她的人生紧密相连了。\n或许爱还可以再单纯一点，你爱我，我也爱你，我们约定要一直在一起，这样就足够了。\n这是一个关于青春的故事，也是一个关于恋爱的故事。','',36,'admin','2020-05-15 17:37:30','2020-05-15 17:37:30','admin'),(106,0,1700,1,2,'','60348700','创世独尊',4,'瓶子陌邀请驻站 官途 网游之天下无双 网游之纵横天下 特种教师 罪恶之城 吞噬苍穹 绝品全才','http://reading.zealon.cn/60348700.jpg','迷路的孤狼','如果有一天，你从梦中醒来，发现身处的已经不是地球，\r\n如果有一天，你忽然发现，自己所做的一切，不过是所谓神的阴谋，\r\n你该怎么办？这个问题，就摆在凌风面前。\r\n一夜之间，所有地球人都被安排在一个叫做《创世》的游戏内，\r\n打怪升级，天赋异变，组队任务，游戏帮会，一切都那么熟悉，\r\n可以杀玩家的NPC，一旦死亡就被抹杀的系统，一切又是那么陌生，\r\n在这样的世界里，他又将如何力求生存，勘破神秘人的阴谋，创造属于自己的神话？\r\n—————————————————————————————','',48,'admin','2020-05-15 17:37:42','2020-05-15 17:37:42','admin'),(107,0,1400,1,3,'','60034896','形意掌门人',4,'形意,八卦,太极,国术,武侠,修炼','http://reading.zealon.cn/60034896.jpg','十万大水','末武时代里，形意少年昂然站起，用自己的身躯发出最强的音符，天崩地裂难埋浩然正气。\r\n形意不死，国术不灭！\r\n且看曲勇如何传承国术，铮铮然站立于天地间，纵横都市无敌，打创下属于自己的传说。\r\n群。\r\n无兄弟，不国术。','',136,'admin','2020-05-15 17:37:55','2020-05-15 17:37:55','admin'),(108,0,1400,1,3,'','3001823541','这个江湖有点冷',4,'兮小主邀请驻站   玄幻武侠    崇拜黄易','http://reading.zealon.cn/3001823541.jpg','初溅一','万古江湖，英雄无觅，神话何处？\r\n至尊霸主，恋战无情又傲气硬骨。\r\n朽刃战国，鬼夜缥缈，人道传说曾住。\r\n想当年，谁与争锋，盖世英豪为奴。\r\n群雄一心，风雨同舟，赢得仙魔圣武。\r\n千朝盛世，望中犹记，血战天下路。\r\n可堪回首，风云幻变，多少情泪怨苦。\r\n紫砚阁，王者老矣，尚能战否？\r\n--------------------------------\r\n推荐月醉黄昏的东方玄幻《罪恶起源》，都市异能《封魔崛起》','',71,'admin','2020-05-15 17:37:58','2020-05-15 17:37:58','admin'),(109,0,1100,1,3,'','60034901','灵神',3,'白色云空 罪恶之城  龙血战神 吞噬苍穹 灵神 祭神夜','http://reading.zealon.cn/60034901.jpg','祭神夜','他本是这个家族之中最惊才绝艳之人，无奈修为却突然停滞不前，于是家族对他寄予的厚望彻底破碎。\r\n一个一生只能停留在灵士境界的废物，要来何用？\r\n一双神秘眼瞳的开启，使他得到了家族祖先的传承，从此，他背负起复兴家族寻回族人的使命，从此，他的双手逐渐沾满血腥……\r\n等到一切尘埃落定之时，他已然站在天地之巅，看着脚下的芸芸众生，夜神祭用落寞而又带着一丝怜悯的语气喃喃着说道，“即使前方是无尽的黑暗，我也必将背负着这黑暗走下去，因为我所看到的世界，你们看不到，你们，看不到……”\r\n（上架，求支持订阅！）','',62,'admin','2020-05-15 17:38:13','2020-05-15 17:38:13','admin'),(110,0,2100,2,3,'','60348649','倾国美人图',4,'少爷  宫廷  虐恋深深  秋境','http://reading.zealon.cn/60348649.jpg','丁小乔','晴美在国家图书馆欣赏一幅画的时候，竟然离奇的失踪了。穿越到了古代。\r\n　　画院专员王昊秘密绘制先帝的画像，不料就在绘制中途离奇死亡。\r\n　　画院官员关英鹏奉命调查此事，谁知却遭陷害，与妻子一同被害，他们的独生女关晴儿也不知所踪。\r\n　　温写意为了给好友正名，决定查出关英鹏的死因，但是他却只发现了一张没有头的画像…\r\n　　晴美为了了却千年的情，竟然穿越了时空....','',33,'admin','2020-05-15 17:38:58','2020-05-15 17:38:58','admin'),(111,0,1200,1,3,'','60036127','极品护花神医',4,'少年医仙 都市修仙 暧昧 屌丝 美女老师 护士 校花 合租 轻松','http://reading.zealon.cn/60036127.jpg','能量猪','徐明辉就是一屌丝，备胎挡箭牌的优质人选！\r\n自从他捡到一块奇怪的玻璃，遇到一个会变成萝莉的小狐狸，\r\n接触了所谓修仙，生活似乎有些不一样了。\r\n进入大学，住进相传一个月能摆脱初哥身份的传奇宿舍，\r\n遇到了一群奇葩室友，以后的热闹，可是越来越多啊！\r\n校花同学，御姐老师，柔情护士，江湖太妹……\r\n分明就是给他准备的啊，至于那个萝莉嘛……\r\n等她长大就是了！','',71,'admin','2020-05-15 17:39:00','2020-05-15 17:39:00','admin'),(112,0,2100,2,3,'','3017387278','妃奴',4,'贺兰槿 夙夜 古风','http://reading.zealon.cn/3017387278.jpg','我是村姑','初相见，她是贺兰国的公主，他是她救下的奴。原来你是个哑巴？从今而后，你就叫丑奴儿，你是我的人，没有人敢欺负你。\r\n再相见，他是和亲的公主，他是至高无上的帝王。夙夜，你灭掉的是我贺兰王朝，你的手上染着的可是我父兄的鲜血。\r\n她生死一念，万念俱灰，槿儿，朕不许你死！\r\n“不要让你的眼泪脏了我的轮回路。黄泉碧落你我永生永世再无相见。”\r\n她缓缓的闭上了眼睫，眼角划过泪痕，“夙夜，我要让你尝到失去挚爱的痛苦。”\r\n三年后，她亦是名动京城千娇百媚的花魁娘子宸欢，她复仇而来。\r\n她媚眼如丝，红唇浅','',41,'admin','2020-05-15 17:39:10','2020-05-15 17:39:10','admin'),(113,0,2100,2,3,'','60348701','将军王妃',3,'美人,美男,江山','http://reading.zealon.cn/60348701.jpg','雪寻寻','天下纷争，四国动乱，\r\n她以女儿之身驰骋沙场，敌人闻风丧胆，\r\n她是从现代而来的特警队长，她是鏖战四海的修罗美人，\r\n战场掩住了她的绝世容颜，隐藏了她的似水柔情，\r\n可是，她依然是个需要呵护的柔弱女子，\r\n她是将军，也是王妃，\r\n她可以征战沙场，她也渴望举案齐眉，\r\n可是，她所希冀的平静生活，她所渴求的平凡爱恋，是否遥不可及？\r\n请支持新文《帝谋》','',84,'admin','2020-05-15 17:39:20','2020-05-15 17:39:20','admin'),(114,0,2200,2,3,'','60036276','仙女逆袭记',3,'仙 逆袭 腹黑 迷糊 欢脱 微虐 萌萌小仙邀请驻站','http://reading.zealon.cn/60036276.jpg','舞一夜','我本是南天王家三公主“玉爱”，原本家世显赫，福星加持。唯一不如意的，就是情路坎坷。一个青梅竹马，瞒着我娶了我的死对头；一个问题密友，专精弄巧成拙，每逢示爱必让我吃不了兜着走；一个神秘“恩公”，总让我深刻体验“失之交臂”的含义；还有个钦定的“相公”，让我又爱又恨，气不死打不过，简直是我命定的克星!思来想去，都是南玉爱这名字惹的祸。也是命运捉弄，','',40,'admin','2020-05-15 17:39:30','2020-05-15 17:39:30','admin'),(115,0,2100,2,3,'','3001823527','黎倾天下',3,'玄幻  微耽美  爱情  权谋   朝野','http://reading.zealon.cn/3001823527.jpg','黎倾天下','传说，得灭世之妖者得天下。\r\n\r\n传说，紫薇大帝注定一统天下。\r\n\r\n她白衣霜冷，智绝天下，冠盖满京华。\r\n\r\n他铁血酷厉，算无遗策，天生帝王家。\r\n\r\n命里注定的人不是他，那他便是逆天改命了又如何？\r\n\r\n十数年的算计和阴谋，层层揭开之后，还剩几分信任？\r\n\r\n都说，皇家人的真心不值钱，那么，她可不可以做一次亏本的生意，江山为媒，天下为聘，只换那一颗廉价真心……\r\n\r\n从来，帝王无己，帝王无心，待容华谢后，君临天下，千秋寂寂，才幡然醒悟，血染江山的画，怎敌你眉间一笑容华……','',78,'admin','2020-05-15 17:39:37','2020-05-15 17:39:37','admin'),(116,0,1200,1,2,'','60348629','最强医师',3,'道医 最强 阿福 张枫','http://reading.zealon.cn/60348629.jpg','真庸','苦逼医学实习生，偶然得到了道家至宝阴阳鼎，利用鼎炉之力，从此风生水起桃运连连。','',13,'admin','2020-05-15 17:39:54','2020-05-15 17:39:54','admin'),(117,0,1300,1,3,'','248337','贵族魔法师',4,'魔法,重生,搞笑','http://reading.zealon.cn/248337.jpg','才人','　“劳驾！我问一下，墓室的出口在哪里？”\n　　“一直往那边走就是了，别见到我在忙着吗？”那人语气很急，很不耐烦。\n　　维克多愣住了，那人的动作也停下，两人同时“啊…”维克多傻了，那人想站起来，不过忘了自己是在一个狭小的洞穴，他一抬头，头撞在上面的墙上。那人傻傻地，也不知道疼。\n　　那人钻出来，转过身看着维克多，满头灰土，看着很好笑，他看着维克多，维克多也看着他。这人的身材瘦小枯干，面目枯槁，活脱脱的一具僵尸。\n　　他人比维克多先回复了正常，他的声音颤抖：“你……你……你……你是谁？”','',167,'admin','2020-05-15 17:40:42','2020-05-15 17:40:42','admin'),(118,0,1400,1,3,'','3001821175','神潭',3,'奇幻、仙侠、热血','http://reading.zealon.cn/3001821175.jpg','毒邪','一次意外，一条不同的道路。\r\n\r\n一世修仙，只为心中执念在。\r\n\r\n我有自己想做的事情，谁都别想拦我。\r\n\r\n——————刘枫如是的说。\r\n\r\n否则，仙魔尽屠，神佛通杀。','',131,'admin','2020-05-15 17:40:44','2020-05-15 17:40:44','admin'),(119,0,1400,1,2,'','60034925','我的女神老婆',3,'诚感苍穹邀请驻站  扮猪吃老虎 变身 李大牛 慕红绫 鬼狐九妖 战狼紫啸','http://reading.zealon.cn/60034925.jpg','暗牟皎月','高中学习很头疼吗？缝合伤口很复杂吗？狙击射击很难吗？小爷我看一眼就学会了！\r\n商业大亨很有钱吗？江湖老大很拽吗？修真之人很牛叉吗？将来还不都是我的小弟？\r\n——一个不起眼的高中生。自小就是孤儿的他，每天都做着同一个梦！\r\n——一个意外，发现了自己的体内有两尊神秘的妖王！\r\n——一个契机，王主猛然觉醒！游戏人间。\r\n——他就是李大牛。大神的大，牛.逼的牛！\r\n喜欢本书的请果断收藏哦！！！\r\n书群已开喜欢我的小说的朋友可以加QQ群','',48,'admin','2020-05-15 17:41:02','2020-05-15 17:41:02','admin'),(120,0,2200,2,3,'','60348396','八荒·浮生梦',3,'梦境、仙君、浮生梦、仙妖恋、幻境，呆萌，二货，腹黑， 轩媛儿邀请驻站','http://reading.zealon.cn/60348396.jpg','萌球球','（上夭珝篇）\r\n红颜一毁回忆老，火花噬尽花骨消。\r\n这是对尚羽珝的写照，但灵魂身体契合后，今世唯有上夭珝！\r\n—————————————\r\n即使陌无弦说的和做的，让她有多伤心，她都坚信自己不会离开他的。\r\n心中有个执念告诉她，这个给过她温暖的男子，便是她一生所寻找的。\r\n然......\r\n当执念化为乌有，当支撑着自己活下去的东西也消失后，她选择了让妖界付出代价。\r\n死去的那一刻，她才意识到，自己早就已经不是尚羽珝了，虽然真的很想回去那个时候。','',19,'admin','2020-05-15 17:41:03','2020-05-15 17:41:03','admin'),(121,0,1200,1,3,'','60034935','都市力王',3,'都市 热血 力王 无敌 美女 财富 桃子萝卜邀请驻站','http://reading.zealon.cn/60034935.jpg','钟表','他经常被殴打，从阴暗的过道中醒来，发现自己拥有了神奇的力量，居然跟项羽的无穷的力量融合，从此改变了自己卑微的人生，什么杀手集团还是雇佣兵王统统被李浩狠狠的踩在脚下，力王，我就是力王。“哥们，这是我的女人，手拿开，”“兄弟，这是我的地盘，想发财来吧。”“老板，你不行了，该退休，让我来吧，”“美女，看上我就跟我走吧，包你满意，”这就是力王的拽了又拽的人生。','',59,'admin','2020-05-15 17:41:23','2020-05-15 17:41:23','admin'),(122,0,2200,2,3,'','60348709','仙君叔叔太妖娆',3,'上神、仙凡恋、三生三世、狐仙、帝君，二货，腹黑， 轩媛儿邀请驻站','http://reading.zealon.cn/60348709.jpg','萌球球','三上天庭，某女便调戏了堂堂帝君三次。\r\n三段姻缘，引得帝君对她欲罢不能地宠。\r\n奈何情深缘浅，前几次的爱恋都是惨淡收场，╮(╯▽╰)╭\r\n这一次，他绝对不轻易收手。\r\n他要先将这只小狐狸吃干抹净，然后让她离不开自己...','',10,'admin','2020-05-15 17:41:26','2020-05-15 17:41:26','admin'),(123,0,1200,1,3,'','3001823417','重生之梦破天机',4,'都市 都市重生 重生 玄幻 东方玄幻 都市异能 异能 小资调调邀请驻站','http://reading.zealon.cn/3001823417.jpg','倔强的地瓜','当一个人在临死之前，抱有极大的怨念或者留恋，那么这个人的灵魂将会停留在人间，七日不肯离去。男主章建豪的一次偶然的经历，让他得知自己已经死于了一场离奇的车祸，这让他面临着魂飞魄散的绝境……\r\n——谁在害我？\r\n“你终于醒了？”\r\n——你……你又是谁？\r\n“呵呵，你可以把我当做你的一场梦，我要在梦里告诉你一个天大的秘密。”\r\n“秘密，什么秘密，你快告诉我。”\r\n“呵呵，天机不可泄露——”','',61,'admin','2020-05-15 17:41:39','2020-05-15 17:41:39','admin'),(124,0,2300,2,2,'','3001815870','随喜顺缘',3,'前夫 闪婚 女强人 总裁 职场','http://reading.zealon.cn/3001815870.jpg','卿伊归晚','萧子漠是个奇女子。众人皆知，她是职场中的女强人，生活上的好姑娘，外形上的柔情少女，内心里的变形金刚…\r\n她痴心等候初恋七年，又不可自拔地迷上了一个相识不久的男子。闪婚，随之而来的便是闪离。这段在所有人眼中的“金玉良缘”甚至都没有撑过一年的时间。\r\n子漠是潇洒的，她在离异后依然同前夫保持良好的战略合作关系，无论是生活上，还是职场中；她又是精明的，步步为营争取到自己想要的一切。\r\n这是一个与爱情有关的职场婚姻故事，刺激，浪漫，温馨，又甜蜜。','',2,'admin','2020-05-15 17:41:41','2020-05-15 17:41:41','admin'),(125,0,2500,2,3,'','50019686','阁下，我叫魏小萌',4,'甜蜜 青春 诙谐 幽默  有爱  晨风无尘邀请驻站','http://reading.zealon.cn/50019686.jpg','捻猫耳叔叔','她拥有“火锅”一样的人生观，时常语出惊人，雷倒芸芸众生。\r\n她拥有甜美俏丽的外形却总是做出一些常人抓耳挠腮也难以理解的事实。\r\n照外人的话说：“此人脑袋瓜子里一向住着非人类的想法”。\r\n\r\n一场啼笑皆非的“偷果”事件，他莫名其妙的帮她解围。篮球联赛的她女扮男装为了赢得比赛不惜采取“色诱”。他一时茫然失措败下阵来。心，却莫名的动了。\r\n\r\n她可以为了义气两肋插刀，也可以为了爱情倾尽所有。她可以满口爆粗话、也可以温顺似绵羊。她敢哭敢笑。她敢撒泼敢投降！\r\n\r\n她是谁？','',23,'admin','2020-05-15 17:41:44','2020-05-15 17:41:44','admin'),(126,0,2500,2,3,'','325276','那年一路情歌',3,'姚木兰','http://reading.zealon.cn/325276.jpg','傻傻坚持','《那年一路情歌》完美颠覆夏至未至，新一部超现实青春小说。\r\n\r\n那年一路情歌/是我勇敢唱过/他在某处等我/不管这一路多么颠簸','',27,'admin','2020-05-15 17:41:49','2020-05-15 17:41:49','admin'),(127,0,2500,2,3,'','60838096','假如青春记得爱',3,'假如青春记得爱,梦梦小君','http://reading.zealon.cn/60838096.jpg','梦梦小君','长期的抗癌历程，亲情，友情，还有那份埋藏心底深处不敢说出的爱情，和死神斗争胜利后，我又该面对怎样的人生？\r\n本文不是套路文，希望各位耐心阅览，作者会尽量通过文字将现实传递到各位的心里，为你们讲述一个抗癌女孩的真实故事。\r\nPS：有看到被屏蔽的字或是错别字希望各位评论区圈一下，梦梦好修改','',33,'admin','2020-05-15 17:42:02','2020-05-15 17:42:02','admin'),(128,0,2400,2,3,'','60746926','总裁大人找上我',3,'总裁大人找上我,梦梦小君','http://reading.zealon.cn/60746926.jpg','梦梦小君','心机腹黑的计算机公司总裁，找上风格百变机智勇敢的隐秘侦探大神。\n两人的故事因云落的突然上门求婚而展开……\n白莲花的妹妹，心机嗲的女二，冷面杀手组组长，还有神秘的弗兰斯特和曼陀罗香以及银灰色眸子的男人……\n他突然找上她的背后，有什么不为人知道的故事……','',102,'admin','2020-05-15 17:42:07','2020-05-15 17:42:07','admin'),(129,0,2500,2,3,'','60924085','我的全能男神',4,'我的全能男神,梦梦小君','http://reading.zealon.cn/60924085.jpg','梦梦小君','中樱大学来了个新转学生，听说会设计，会直播，会弹钢琴，会空手道还会撩妹，可就是这样一个全能男神竟被她陈许诺撞见了，还要让她做他的女朋友。\r\n陈许诺说：“我只是恰巧捡到了你的东西。”\r\n“我也只是恰巧喜欢上了你。”\r\n“你……狡辩！”陈许诺憋红了脸。\r\n某人摩挲着下颚：“嗯，我好像是今年的校辩论联赛第一名。”','',36,'admin','2020-05-15 17:42:21','2020-05-15 17:42:21','admin'),(130,0,3100,3,1,'','804700011','以你为名的光芒',5,'以你为名的光芒','http://reading.zealon.cn/804700011.jpg','夏茗悠','谨以此书献给我的外公她看见了最美的光景里最耀眼的光芒，不是爱情的光芒。它是从云端烧起的火焰落向了人间，变得温柔又绵长，抽成丝安全地将人包裹；它是从湖面泛起波光，延绵成无边无际的摧残；它是一个幸福的人眼里全世界失去轮廓、失去形状，最后剩下的流光溢彩。这是以家人为名的光芒。','',10,'admin','2020-05-15 17:42:35','2020-05-15 17:42:35','admin'),(131,0,3100,3,3,'','806800381','重生之紫枫学院',3,'其他','http://reading.zealon.cn/806800381.jpg','大海','一个平凡的孤儿院的女孩子朱雅茜，某日被一场意外夺取了生命。但是更加意外的是，她重生了。\r\n重生之后的生活和之前截然不同，在进入紫枫学院的同时，朱雅茜首先遇到了一个奇怪的男生，林静又！这么帅气的男生，怎么会这么轻易的认错人呢？奇怪的是，他还说，等了自己好久了？\r\n然后是一群室友们，和室友们在一起的相处的生活，平凡而又欢乐。\r\n朱雅茜也在这个学校里收获了朋友，和朋友的相处反而让林静又觉得有些吃醋。\r\n虽然和室友的生活很是愉快，但与此同时的是，也遭遇了困难！因为林','',18,'admin','2020-05-15 17:42:43','2020-05-15 17:42:43','admin');
/*!40000 ALTER TABLE `book` ENABLE KEYS */;
UNLOCK TABLES;

--
-- Table structure for table `index_banner_item`
--

DROP TABLE IF EXISTS `index_banner_item`;
/*!40101 SET @saved_cs_client     = @@character_set_client */;
/*!40101 SET character_set_client = utf8 */;
CREATE TABLE `index_banner_item` (
  `id` int(11) NOT NULL AUTO_INCREMENT,
  `banner_id` int(11) NOT NULL COMMENT 'bannerID',
  `name` varchar(100) NOT NULL COMMENT '名称',
  `img_url` varchar(300) NOT NULL COMMENT '图片链接',
  `url` varchar(300) NOT NULL COMMENT '跳转链接',
  `sort_number` int(11) DEFAULT NULL COMMENT '排序',
  `creater` varchar(20) NOT NULL COMMENT '创建者',
  `create_time` datetime NOT NULL COMMENT '创建时间',
  `update_time` datetime NOT NULL COMMENT '更新时间',
  `updater` varchar(20) NOT NULL COMMENT '更新者',
  PRIMARY KEY (`id`)
) ENGINE=InnoDB AUTO_INCREMENT=4 DEFAULT CHARSET=utf8 COMMENT='精品页Banner明细';
/*!40101 SET character_set_client = @saved_cs_client */;

--
-- Dumping data for table `index_banner_item`
--

LOCK TABLES `index_banner_item` WRITE;
/*!40000 ALTER TABLE `index_banner_item` DISABLE KEYS */;
INSERT INTO `index_banner_item` VALUES (1,1,'1','http://reading.zealon.cn/banner1.jpg','60348629',1,'admin','2020-04-09 00:00:00','2020-04-09 00:00:00','admin'),(2,1,'2','http://reading.zealon.cn/banner2.jpg','60036128',2,'admin','2020-04-09 00:00:00','2020-04-09 00:00:00','admin'),(3,1,'3','http://reading.zealon.cn/banner3.jpg','60348888',3,'admin','2020-04-09 00:00:00','2020-04-09 00:00:00','admin');
/*!40000 ALTER TABLE `index_banner_item` ENABLE KEYS */;
UNLOCK TABLES;

--
-- Table structure for table `index_banner`
--

DROP TABLE IF EXISTS `index_banner`;
/*!40101 SET @saved_cs_client     = @@character_set_client */;
/*!40101 SET character_set_client = utf8 */;
CREATE TABLE `index_banner` (
  `id` int(11) NOT NULL AUTO_INCREMENT,
  `name` varchar(100) NOT NULL COMMENT '名称',
  `creater` varchar(20) NOT NULL COMMENT '创建者',
  `create_time` datetime NOT NULL COMMENT '创建时间',
  `update_time` datetime NOT NULL COMMENT '更新时间',
  `updater` varchar(20) NOT NULL COMMENT '更新者',
  PRIMARY KEY (`id`)
) ENGINE=InnoDB AUTO_INCREMENT=2 DEFAULT CHARSET=utf8 COMMENT='精品页Banner配置';
/*!40101 SET character_set_client = @saved_cs_client */;

--
-- Dumping data for table `index_banner`
--

LOCK TABLES `index_banner` WRITE;
/*!40000 ALTER TABLE `index_banner` DISABLE KEYS */;
INSERT INTO `index_banner` VALUES (1,'置顶Banner','admin','2020-04-09 00:00:00','2020-04-09 00:00:00','admin');
/*!40000 ALTER TABLE `index_banner` ENABLE KEYS */;
UNLOCK TABLES;
SET @@SESSION.SQL_LOG_BIN = @MYSQLDUMP_TEMP_LOG_BIN;
/*!40103 SET TIME_ZONE=@OLD_TIME_ZONE */;


CREATE TABLE `book_chapter` (
  `id` int(11) NOT NULL AUTO_INCREMENT,
  `book_id` int(11) DEFAULT NULL COMMENT '所属图书',
  `name` varchar(100) NOT NULL COMMENT '章节名称',
  `content` text NOT NULL COMMENT '章节内容',
  `lock_status` bit(1) NOT NULL COMMENT '锁章状态(0:无,1:锁章)',
  `sort_number` int(11) DEFAULT NULL COMMENT '排序',
  `creater` varchar(20) NOT NULL COMMENT '创建者',
  `create_time` datetime NOT NULL COMMENT '创建时间',
  `update_time` datetime NOT NULL COMMENT '更新时间',
  `updater` varchar(20) NOT NULL COMMENT '更新者',
  PRIMARY KEY (`id`),
  UNIQUE KEY `uk_index` (`book_id`,`sort_number`)
) ENGINE=InnoDB AUTO_INCREMENT=3809 DEFAULT CHARSET=utf8;

/*!40101 SET SQL_MODE=@OLD_SQL_MODE */;
/*!40014 SET FOREIGN_KEY_CHECKS=@OLD_FOREIGN_KEY_CHECKS */;
/*!40014 SET UNIQUE_CHECKS=@OLD_UNIQUE_CHECKS */;
/*!40101 SET CHARACTER_SET_CLIENT=@OLD_CHARACTER_SET_CLIENT */;
/*!40101 SET CHARACTER_SET_RESULTS=@OLD_CHARACTER_SET_RESULTS */;
/*!40101 SET COLLATION_CONNECTION=@OLD_COLLATION_CONNECTION */;
/*!40111 SET SQL_NOTES=@OLD_SQL_NOTES */;

-- Dump completed on 2020-05-26 13:56:38
